dataset_id,split,engine_id,cycle,rul_pred,orig_split,is_validation_subset
DS03,train,1,1,75.34955,train,0
DS03,train,1,2,68.739204,train,0
DS03,train,1,3,72.845085,train,0
DS03,train,1,4,75.641624,train,0
DS03,train,1,5,71.47009,train,0
DS03,train,1,6,71.38081,train,0
DS03,train,1,7,66.76447,train,0
DS03,train,1,8,69.34618,train,0
DS03,train,1,9,67.88659,train,0
DS03,train,1,10,62.997135,train,0
DS03,train,1,11,68.081955,train,0
DS03,train,1,12,63.052906,train,0
DS03,train,1,13,70.890465,train,0
DS03,train,1,14,61.258263,train,0
DS03,train,1,15,58.797585,train,0
DS03,train,1,16,58.560287,train,0
DS03,train,1,17,58.459606,train,0
DS03,train,1,18,58.18242,train,0
DS03,train,1,19,58.641247,train,0
DS03,train,1,20,55.370903,train,0
DS03,train,1,21,53.18477,train,0
DS03,train,1,22,54.642326,train,0
DS03,train,1,23,51.033875,train,0
DS03,train,1,24,49.673813,train,0
DS03,train,1,25,49.51918,train,0
DS03,train,1,26,50.408073,train,0
DS03,train,1,27,51.1064,train,0
DS03,train,1,28,46.25896,train,0
DS03,train,1,29,43.800972,train,0
DS03,train,1,30,46.811123,train,0
DS03,train,1,31,48.505295,train,0
DS03,train,1,32,46.956577,train,0
DS03,train,1,33,43.64836,train,0
DS03,train,1,34,38.614372,train,0
DS03,train,1,35,38.72656,train,0
DS03,train,1,36,36.781517,train,0
DS03,train,1,37,36.763412,train,0
DS03,train,1,38,39.244675,train,0
DS03,train,1,39,35.404472,train,0
DS03,train,1,40,37.77407,train,0
DS03,train,1,41,33.256557,train,0
DS03,train,1,42,33.521145,train,0
DS03,train,1,43,30.53015,train,0
DS03,train,1,44,30.633318,train,0
DS03,train,1,45,29.992859,train,0
DS03,train,1,46,27.868982,train,0
DS03,train,1,47,28.73951,train,0
DS03,train,1,48,26.031586,train,0
DS03,train,1,49,25.357018,train,0
DS03,train,1,50,24.624075,train,0
DS03,train,1,51,23.144867,train,0
DS03,train,1,52,22.561815,train,0
DS03,train,1,53,22.004543,train,0
DS03,train,1,54,22.465763,train,0
DS03,train,1,55,20.30923,train,0
DS03,train,1,56,19.812868,train,0
DS03,train,1,57,19.147942,train,0
DS03,train,1,58,18.6773,train,0
DS03,train,1,59,17.252995,train,0
DS03,train,1,60,15.308955,train,0
DS03,train,1,61,14.624842,train,0
DS03,train,1,62,12.969274,train,0
DS03,train,1,63,12.43478,train,0
DS03,train,1,64,12.211428,train,0
DS03,train,1,65,10.193428,train,0
DS03,train,1,66,9.181541,train,0
DS03,train,1,67,7.690578,train,0
DS03,train,1,68,7.8737264,train,0
DS03,train,1,69,6.573587,train,0
DS03,train,1,70,6.2534046,train,0
DS03,train,1,71,3.6289613,train,0
DS03,train,1,72,1.5781174,train,0
DS03,train,2,1,67.5208,val,1
DS03,train,2,2,71.28306,val,1
DS03,train,2,3,69.96867,val,1
DS03,train,2,4,70.43068,val,1
DS03,train,2,5,67.09132,val,1
DS03,train,2,6,65.51742,val,1
DS03,train,2,7,66.531876,val,1
DS03,train,2,8,63.99507,val,1
DS03,train,2,9,62.50434,val,1
DS03,train,2,10,61.609207,val,1
DS03,train,2,11,61.03938,val,1
DS03,train,2,12,60.163357,val,1
DS03,train,2,13,57.96921,val,1
DS03,train,2,14,56.84356,val,1
DS03,train,2,15,54.461872,val,1
DS03,train,2,16,55.51768,val,1
DS03,train,2,17,53.362427,val,1
DS03,train,2,18,53.656204,val,1
DS03,train,2,19,51.853016,val,1
DS03,train,2,20,50.079334,val,1
DS03,train,2,21,49.949017,val,1
DS03,train,2,22,46.77229,val,1
DS03,train,2,23,49.696712,val,1
DS03,train,2,24,47.562935,val,1
DS03,train,2,25,48.843086,val,1
DS03,train,2,26,44.19667,val,1
DS03,train,2,27,43.900845,val,1
DS03,train,2,28,42.705215,val,1
DS03,train,2,29,42.734737,val,1
DS03,train,2,30,41.99169,val,1
DS03,train,2,31,41.6422,val,1
DS03,train,2,32,39.838734,val,1
DS03,train,2,33,36.17068,val,1
DS03,train,2,34,36.75263,val,1
DS03,train,2,35,36.30946,val,1
DS03,train,2,36,35.2815,val,1
DS03,train,2,37,33.276974,val,1
DS03,train,2,38,32.855453,val,1
DS03,train,2,39,31.773973,val,1
DS03,train,2,40,28.936457,val,1
DS03,train,2,41,29.629568,val,1
DS03,train,2,42,27.694498,val,1
DS03,train,2,43,30.63193,val,1
DS03,train,2,44,27.823185,val,1
DS03,train,2,45,26.927084,val,1
DS03,train,2,46,25.188744,val,1
DS03,train,2,47,24.378254,val,1
DS03,train,2,48,21.31216,val,1
DS03,train,2,49,21.953741,val,1
DS03,train,2,50,23.844475,val,1
DS03,train,2,51,21.95286,val,1
DS03,train,2,52,23.436245,val,1
DS03,train,2,53,20.592113,val,1
DS03,train,2,54,20.228327,val,1
DS03,train,2,55,17.67799,val,1
DS03,train,2,56,15.749443,val,1
DS03,train,2,57,14.6534195,val,1
DS03,train,2,58,14.296833,val,1
DS03,train,2,59,14.735102,val,1
DS03,train,2,60,14.168913,val,1
DS03,train,2,61,13.537829,val,1
DS03,train,2,62,11.763596,val,1
DS03,train,2,63,10.3277,val,1
DS03,train,2,64,9.815369,val,1
DS03,train,2,65,8.856717,val,1
DS03,train,2,66,7.262575,val,1
DS03,train,2,67,5.541647,val,1
DS03,train,2,68,5.036338,val,1
DS03,train,2,69,2.8295152,val,1
DS03,train,2,70,1.9503864,val,1
DS03,train,2,71,1.4868997,val,1
DS03,train,2,72,0.51204544,val,1
DS03,train,2,73,2.3923748,val,1
DS03,train,3,1,68.562325,train,0
DS03,train,3,2,64.08675,train,0
DS03,train,3,3,63.571445,train,0
DS03,train,3,4,62.673286,train,0
DS03,train,3,5,64.350975,train,0
DS03,train,3,6,63.153427,train,0
DS03,train,3,7,62.00864,train,0
DS03,train,3,8,61.388046,train,0
DS03,train,3,9,61.012405,train,0
DS03,train,3,10,58.346893,train,0
DS03,train,3,11,59.42146,train,0
DS03,train,3,12,55.523926,train,0
DS03,train,3,13,55.21311,train,0
DS03,train,3,14,54.953297,train,0
DS03,train,3,15,54.884174,train,0
DS03,train,3,16,52.804855,train,0
DS03,train,3,17,53.505367,train,0
DS03,train,3,18,46.86171,train,0
DS03,train,3,19,48.70701,train,0
DS03,train,3,20,44.445618,train,0
DS03,train,3,21,45.07456,train,0
DS03,train,3,22,45.019035,train,0
DS03,train,3,23,45.807404,train,0
DS03,train,3,24,42.45751,train,0
DS03,train,3,25,41.584232,train,0
DS03,train,3,26,42.869476,train,0
DS03,train,3,27,38.815315,train,0
DS03,train,3,28,38.742695,train,0
DS03,train,3,29,39.991417,train,0
DS03,train,3,30,38.652622,train,0
DS03,train,3,31,38.697346,train,0
DS03,train,3,32,35.510212,train,0
DS03,train,3,33,36.69873,train,0
DS03,train,3,34,32.9616,train,0
DS03,train,3,35,31.137218,train,0
DS03,train,3,36,28.34566,train,0
DS03,train,3,37,30.409294,train,0
DS03,train,3,38,28.199144,train,0
DS03,train,3,39,27.465086,train,0
DS03,train,3,40,27.249832,train,0
DS03,train,3,41,28.61595,train,0
DS03,train,3,42,26.904446,train,0
DS03,train,3,43,26.928436,train,0
DS03,train,3,44,24.167744,train,0
DS03,train,3,45,23.08128,train,0
DS03,train,3,46,22.968592,train,0
DS03,train,3,47,20.11443,train,0
DS03,train,3,48,20.32368,train,0
DS03,train,3,49,19.644684,train,0
DS03,train,3,50,17.864212,train,0
DS03,train,3,51,17.118849,train,0
DS03,train,3,52,15.980961,train,0
DS03,train,3,53,15.089159,train,0
DS03,train,3,54,15.336555,train,0
DS03,train,3,55,12.2275305,train,0
DS03,train,3,56,11.751278,train,0
DS03,train,3,57,10.269491,train,0
DS03,train,3,58,10.729634,train,0
DS03,train,3,59,9.765797,train,0
DS03,train,3,60,7.4905124,train,0
DS03,train,3,61,7.7945294,train,0
DS03,train,3,62,6.535074,train,0
DS03,train,3,63,3.8858159,train,0
DS03,train,3,64,2.234199,train,0
DS03,train,3,65,1.387793,train,0
DS03,train,3,66,1.2249299,train,0
DS03,train,3,67,0.25364986,train,0
DS03,train,4,1,70.027824,train,0
DS03,train,4,2,61.760094,train,0
DS03,train,4,3,56.715317,train,0
DS03,train,4,4,56.902252,train,0
DS03,train,4,5,57.482353,train,0
DS03,train,4,6,55.973568,train,0
DS03,train,4,7,54.529236,train,0
DS03,train,4,8,53.83553,train,0
DS03,train,4,9,52.300514,train,0
DS03,train,4,10,51.485195,train,0
DS03,train,4,11,52.413437,train,0
DS03,train,4,12,51.974434,train,0
DS03,train,4,13,48.781494,train,0
DS03,train,4,14,47.966965,train,0
DS03,train,4,15,47.521626,train,0
DS03,train,4,16,45.585445,train,0
DS03,train,4,17,42.32854,train,0
DS03,train,4,18,41.281086,train,0
DS03,train,4,19,44.043217,train,0
DS03,train,4,20,44.36403,train,0
DS03,train,4,21,42.83296,train,0
DS03,train,4,22,43.596107,train,0
DS03,train,4,23,39.861973,train,0
DS03,train,4,24,38.342857,train,0
DS03,train,4,25,37.22659,train,0
DS03,train,4,26,36.752747,train,0
DS03,train,4,27,34.28072,train,0
DS03,train,4,28,34.671463,train,0
DS03,train,4,29,34.75893,train,0
DS03,train,4,30,34.174923,train,0
DS03,train,4,31,32.211746,train,0
DS03,train,4,32,30.243378,train,0
DS03,train,4,33,29.882374,train,0
DS03,train,4,34,28.038015,train,0
DS03,train,4,35,28.440802,train,0
DS03,train,4,36,27.082438,train,0
DS03,train,4,37,26.193321,train,0
DS03,train,4,38,24.750652,train,0
DS03,train,4,39,20.57143,train,0
DS03,train,4,40,20.469807,train,0
DS03,train,4,41,20.895666,train,0
DS03,train,4,42,18.592247,train,0
DS03,train,4,43,17.802252,train,0
DS03,train,4,44,15.878488,train,0
DS03,train,4,45,17.6427,train,0
DS03,train,4,46,15.657905,train,0
DS03,train,4,47,15.324603,train,0
DS03,train,4,48,13.979133,train,0
DS03,train,4,49,12.376768,train,0
DS03,train,4,50,11.77537,train,0
DS03,train,4,51,10.217817,train,0
DS03,train,4,52,10.480655,train,0
DS03,train,4,53,9.553192,train,0
DS03,train,4,54,9.393777,train,0
DS03,train,4,55,6.932397,train,0
DS03,train,4,56,6.074231,train,0
DS03,train,4,57,5.2691946,train,0
DS03,train,4,58,5.131791,train,0
DS03,train,4,59,2.9265232,train,0
DS03,train,4,60,1.5749393,train,0
DS03,train,5,1,90.08849,train,0
DS03,train,5,2,89.83377,train,0
DS03,train,5,3,87.474686,train,0
DS03,train,5,4,82.524536,train,0
DS03,train,5,5,81.1802,train,0
DS03,train,5,6,80.745155,train,0
DS03,train,5,7,81.045845,train,0
DS03,train,5,8,80.408035,train,0
DS03,train,5,9,76.19216,train,0
DS03,train,5,10,79.44549,train,0
DS03,train,5,11,75.61098,train,0
DS03,train,5,12,76.448845,train,0
DS03,train,5,13,77.09027,train,0
DS03,train,5,14,75.34709,train,0
DS03,train,5,15,73.01451,train,0
DS03,train,5,16,70.59597,train,0
DS03,train,5,17,69.65176,train,0
DS03,train,5,18,69.16502,train,0
DS03,train,5,19,66.30504,train,0
DS03,train,5,20,68.48935,train,0
DS03,train,5,21,66.56915,train,0
DS03,train,5,22,63.921696,train,0
DS03,train,5,23,62.993492,train,0
DS03,train,5,24,63.193687,train,0
DS03,train,5,25,61.87671,train,0
DS03,train,5,26,63.74802,train,0
DS03,train,5,27,65.397156,train,0
DS03,train,5,28,61.25625,train,0
DS03,train,5,29,58.287125,train,0
DS03,train,5,30,58.06805,train,0
DS03,train,5,31,57.58616,train,0
DS03,train,5,32,57.942062,train,0
DS03,train,5,33,59.315456,train,0
DS03,train,5,34,59.755695,train,0
DS03,train,5,35,55.80592,train,0
DS03,train,5,36,51.767174,train,0
DS03,train,5,37,51.03282,train,0
DS03,train,5,38,50.152588,train,0
DS03,train,5,39,49.810776,train,0
DS03,train,5,40,48.95103,train,0
DS03,train,5,41,46.696842,train,0
DS03,train,5,42,47.794796,train,0
DS03,train,5,43,46.488804,train,0
DS03,train,5,44,45.61879,train,0
DS03,train,5,45,42.082882,train,0
DS03,train,5,46,41.159454,train,0
DS03,train,5,47,39.43216,train,0
DS03,train,5,48,39.34697,train,0
DS03,train,5,49,37.39776,train,0
DS03,train,5,50,38.3505,train,0
DS03,train,5,51,37.529366,train,0
DS03,train,5,52,35.60861,train,0
DS03,train,5,53,32.58368,train,0
DS03,train,5,54,31.877186,train,0
DS03,train,5,55,29.274988,train,0
DS03,train,5,56,29.264606,train,0
DS03,train,5,57,30.605558,train,0
DS03,train,5,58,31.7356,train,0
DS03,train,5,59,30.445223,train,0
DS03,train,5,60,28.870512,train,0
DS03,train,5,61,28.430101,train,0
DS03,train,5,62,24.977074,train,0
DS03,train,5,63,25.34475,train,0
DS03,train,5,64,23.847893,train,0
DS03,train,5,65,23.18021,train,0
DS03,train,5,66,21.579037,train,0
DS03,train,5,67,25.093008,train,0
DS03,train,5,68,22.060766,train,0
DS03,train,5,69,20.950161,train,0
DS03,train,5,70,18.585064,train,0
DS03,train,5,71,20.173443,train,0
DS03,train,5,72,16.71767,train,0
DS03,train,5,73,17.656473,train,0
DS03,train,5,74,16.505367,train,0
DS03,train,5,75,13.483283,train,0
DS03,train,5,76,12.793343,train,0
DS03,train,5,77,12.598496,train,0
DS03,train,5,78,12.853578,train,0
DS03,train,5,79,11.207659,train,0
DS03,train,5,80,10.16974,train,0
DS03,train,5,81,9.746411,train,0
DS03,train,5,82,8.594829,train,0
DS03,train,5,83,8.219182,train,0
DS03,train,5,84,7.1883297,train,0
DS03,train,5,85,6.8576193,train,0
DS03,train,5,86,5.364922,train,0
DS03,train,5,87,5.368291,train,0
DS03,train,5,88,3.6557815,train,0
DS03,train,5,89,2.5099452,train,0
DS03,train,5,90,2.486501,train,0
DS03,train,5,91,2.584469,train,0
DS03,train,5,92,1.4955789,train,0
DS03,train,5,93,1.0939544,train,0
DS03,train,6,1,62.87936,val,1
DS03,train,6,2,60.476948,val,1
DS03,train,6,3,57.568428,val,1
DS03,train,6,4,59.954338,val,1
DS03,train,6,5,60.660862,val,1
DS03,train,6,6,57.445522,val,1
DS03,train,6,7,59.19782,val,1
DS03,train,6,8,54.911522,val,1
DS03,train,6,9,54.89246,val,1
DS03,train,6,10,51.718082,val,1
DS03,train,6,11,53.82203,val,1
DS03,train,6,12,51.61192,val,1
DS03,train,6,13,49.151176,val,1
DS03,train,6,14,48.41033,val,1
DS03,train,6,15,50.37533,val,1
DS03,train,6,16,49.58285,val,1
DS03,train,6,17,45.14858,val,1
DS03,train,6,18,45.96183,val,1
DS03,train,6,19,45.202797,val,1
DS03,train,6,20,44.050888,val,1
DS03,train,6,21,44.4467,val,1
DS03,train,6,22,43.620525,val,1
DS03,train,6,23,44.618324,val,1
DS03,train,6,24,41.730324,val,1
DS03,train,6,25,40.19885,val,1
DS03,train,6,26,37.734444,val,1
DS03,train,6,27,36.699547,val,1
DS03,train,6,28,36.508636,val,1
DS03,train,6,29,33.95894,val,1
DS03,train,6,30,34.673904,val,1
DS03,train,6,31,31.960127,val,1
DS03,train,6,32,33.271255,val,1
DS03,train,6,33,31.380037,val,1
DS03,train,6,34,30.11934,val,1
DS03,train,6,35,28.894161,val,1
DS03,train,6,36,28.046328,val,1
DS03,train,6,37,26.128307,val,1
DS03,train,6,38,25.677555,val,1
DS03,train,6,39,23.33795,val,1
DS03,train,6,40,22.907112,val,1
DS03,train,6,41,24.43224,val,1
DS03,train,6,42,20.398676,val,1
DS03,train,6,43,20.712435,val,1
DS03,train,6,44,19.634943,val,1
DS03,train,6,45,19.142796,val,1
DS03,train,6,46,18.379517,val,1
DS03,train,6,47,14.899337,val,1
DS03,train,6,48,16.740883,val,1
DS03,train,6,49,15.461762,val,1
DS03,train,6,50,12.507366,val,1
DS03,train,6,51,13.133327,val,1
DS03,train,6,52,12.120331,val,1
DS03,train,6,53,12.37029,val,1
DS03,train,6,54,10.050437,val,1
DS03,train,6,55,7.9447937,val,1
DS03,train,6,56,6.726779,val,1
DS03,train,6,57,5.1796126,val,1
DS03,train,6,58,5.5679173,val,1
DS03,train,6,59,3.6745775,val,1
DS03,train,6,60,2.973667,val,1
DS03,train,6,61,2.5043006,val,1
DS03,train,6,62,2.5094886,val,1
DS03,train,6,63,2.4732075,val,1
DS03,train,7,1,71.045784,train,0
DS03,train,7,2,69.967995,train,0
DS03,train,7,3,69.54314,train,0
DS03,train,7,4,71.97297,train,0
DS03,train,7,5,69.55009,train,0
DS03,train,7,6,68.27496,train,0
DS03,train,7,7,71.00069,train,0
DS03,train,7,8,67.45331,train,0
DS03,train,7,9,66.34549,train,0
DS03,train,7,10,65.22074,train,0
DS03,train,7,11,66.963615,train,0
DS03,train,7,12,67.38871,train,0
DS03,train,7,13,64.819984,train,0
DS03,train,7,14,61.94547,train,0
DS03,train,7,15,63.293377,train,0
DS03,train,7,16,64.43556,train,0
DS03,train,7,17,62.12587,train,0
DS03,train,7,18,55.364246,train,0
DS03,train,7,19,56.287537,train,0
DS03,train,7,20,54.99277,train,0
DS03,train,7,21,54.73346,train,0
DS03,train,7,22,53.420074,train,0
DS03,train,7,23,52.765873,train,0
DS03,train,7,24,52.201294,train,0
DS03,train,7,25,47.757587,train,0
DS03,train,7,26,49.279263,train,0
DS03,train,7,27,45.090355,train,0
DS03,train,7,28,46.638084,train,0
DS03,train,7,29,46.96681,train,0
DS03,train,7,30,47.010967,train,0
DS03,train,7,31,46.226223,train,0
DS03,train,7,32,46.9933,train,0
DS03,train,7,33,43.404625,train,0
DS03,train,7,34,41.126797,train,0
DS03,train,7,35,40.40281,train,0
DS03,train,7,36,40.548195,train,0
DS03,train,7,37,39.296696,train,0
DS03,train,7,38,38.65072,train,0
DS03,train,7,39,38.304527,train,0
DS03,train,7,40,37.89239,train,0
DS03,train,7,41,36.380177,train,0
DS03,train,7,42,32.596195,train,0
DS03,train,7,43,31.950802,train,0
DS03,train,7,44,31.789024,train,0
DS03,train,7,45,29.941498,train,0
DS03,train,7,46,28.748112,train,0
DS03,train,7,47,28.421043,train,0
DS03,train,7,48,27.748781,train,0
DS03,train,7,49,26.838974,train,0
DS03,train,7,50,25.561388,train,0
DS03,train,7,51,25.081196,train,0
DS03,train,7,52,23.362307,train,0
DS03,train,7,53,22.40807,train,0
DS03,train,7,54,22.226967,train,0
DS03,train,7,55,22.572647,train,0
DS03,train,7,56,22.457731,train,0
DS03,train,7,57,21.119678,train,0
DS03,train,7,58,18.40094,train,0
DS03,train,7,59,18.861668,train,0
DS03,train,7,60,17.427103,train,0
DS03,train,7,61,14.977874,train,0
DS03,train,7,62,15.513183,train,0
DS03,train,7,63,13.910506,train,0
DS03,train,7,64,13.468259,train,0
DS03,train,7,65,13.160144,train,0
DS03,train,7,66,11.590137,train,0
DS03,train,7,67,12.238607,train,0
DS03,train,7,68,11.426903,train,0
DS03,train,7,69,9.714468,train,0
DS03,train,7,70,7.376277,train,0
DS03,train,7,71,6.177693,train,0
DS03,train,7,72,5.080144,train,0
DS03,train,7,73,5.953629,train,0
DS03,train,7,74,4.5212255,train,0
DS03,train,7,75,5.465093,train,0
DS03,train,7,76,2.5281343,train,0
DS03,train,7,77,2.357689,train,0
DS03,train,7,78,1.3908138,train,0
DS03,train,7,79,1.4095029,train,0
DS03,train,7,80,0.36209145,train,0
DS03,train,8,1,69.68383,val,1
DS03,train,8,2,69.999306,val,1
DS03,train,8,3,69.73616,val,1
DS03,train,8,4,66.76366,val,1
DS03,train,8,5,64.106804,val,1
DS03,train,8,6,63.674587,val,1
DS03,train,8,7,60.86764,val,1
DS03,train,8,8,61.655804,val,1
DS03,train,8,9,61.700268,val,1
DS03,train,8,10,59.067303,val,1
DS03,train,8,11,58.567818,val,1
DS03,train,8,12,57.1808,val,1
DS03,train,8,13,56.01723,val,1
DS03,train,8,14,54.851254,val,1
DS03,train,8,15,54.28344,val,1
DS03,train,8,16,53.931408,val,1
DS03,train,8,17,52.228203,val,1
DS03,train,8,18,53.941116,val,1
DS03,train,8,19,49.022335,val,1
DS03,train,8,20,50.04853,val,1
DS03,train,8,21,49.885162,val,1
DS03,train,8,22,49.197422,val,1
DS03,train,8,23,46.880398,val,1
DS03,train,8,24,45.086796,val,1
DS03,train,8,25,45.787037,val,1
DS03,train,8,26,43.061687,val,1
DS03,train,8,27,41.184666,val,1
DS03,train,8,28,38.51395,val,1
DS03,train,8,29,37.318542,val,1
DS03,train,8,30,38.100925,val,1
DS03,train,8,31,36.733715,val,1
DS03,train,8,32,37.25264,val,1
DS03,train,8,33,35.778526,val,1
DS03,train,8,34,35.2986,val,1
DS03,train,8,35,32.951653,val,1
DS03,train,8,36,33.38954,val,1
DS03,train,8,37,33.446217,val,1
DS03,train,8,38,32.972095,val,1
DS03,train,8,39,29.95393,val,1
DS03,train,8,40,30.728018,val,1
DS03,train,8,41,30.002512,val,1
DS03,train,8,42,29.582348,val,1
DS03,train,8,43,28.12215,val,1
DS03,train,8,44,27.019802,val,1
DS03,train,8,45,25.67245,val,1
DS03,train,8,46,24.032873,val,1
DS03,train,8,47,26.203016,val,1
DS03,train,8,48,22.155378,val,1
DS03,train,8,49,22.293598,val,1
DS03,train,8,50,20.281418,val,1
DS03,train,8,51,20.694618,val,1
DS03,train,8,52,19.325666,val,1
DS03,train,8,53,18.314234,val,1
DS03,train,8,54,15.618739,val,1
DS03,train,8,55,14.750973,val,1
DS03,train,8,56,13.470102,val,1
DS03,train,8,57,12.13552,val,1
DS03,train,8,58,11.695569,val,1
DS03,train,8,59,9.382862,val,1
DS03,train,8,60,9.740752,val,1
DS03,train,8,61,8.915443,val,1
DS03,train,8,62,8.558001,val,1
DS03,train,8,63,7.7807813,val,1
DS03,train,8,64,5.7314906,val,1
DS03,train,8,65,7.066538,val,1
DS03,train,8,66,4.3894963,val,1
DS03,train,8,67,6.1671596,val,1
DS03,train,8,68,2.8546782,val,1
DS03,train,8,69,1.6806775,val,1
DS03,train,8,70,0.87788594,val,1
DS03,train,8,71,0.5028903,val,1
DS03,train,9,1,83.300766,train,0
DS03,train,9,2,86.20401,train,0
DS03,train,9,3,81.94338,train,0
DS03,train,9,4,84.784874,train,0
DS03,train,9,5,82.32389,train,0
DS03,train,9,6,77.166534,train,0
DS03,train,9,7,76.99312,train,0
DS03,train,9,8,76.02418,train,0
DS03,train,9,9,77.78185,train,0
DS03,train,9,10,72.753944,train,0
DS03,train,9,11,71.95076,train,0
DS03,train,9,12,69.20951,train,0
DS03,train,9,13,68.18279,train,0
DS03,train,9,14,70.36816,train,0
DS03,train,9,15,68.83493,train,0
DS03,train,9,16,67.69931,train,0
DS03,train,9,17,66.80085,train,0
DS03,train,9,18,67.25243,train,0
DS03,train,9,19,62.2809,train,0
DS03,train,9,20,60.085464,train,0
DS03,train,9,21,60.203583,train,0
DS03,train,9,22,62.94681,train,0
DS03,train,9,23,60.957264,train,0
DS03,train,9,24,59.406513,train,0
DS03,train,9,25,58.58697,train,0
DS03,train,9,26,57.20225,train,0
DS03,train,9,27,57.057644,train,0
DS03,train,9,28,56.208252,train,0
DS03,train,9,29,49.37887,train,0
DS03,train,9,30,52.352825,train,0
DS03,train,9,31,50.0389,train,0
DS03,train,9,32,50.363758,train,0
DS03,train,9,33,50.289597,train,0
DS03,train,9,34,49.13138,train,0
DS03,train,9,35,49.13949,train,0
DS03,train,9,36,45.31385,train,0
DS03,train,9,37,44.172703,train,0
DS03,train,9,38,44.503216,train,0
DS03,train,9,39,44.34028,train,0
DS03,train,9,40,41.41959,train,0
DS03,train,9,41,39.370308,train,0
DS03,train,9,42,37.291622,train,0
DS03,train,9,43,40.179905,train,0
DS03,train,9,44,39.86142,train,0
DS03,train,9,45,38.711895,train,0
DS03,train,9,46,38.299488,train,0
DS03,train,9,47,35.09874,train,0
DS03,train,9,48,36.080357,train,0
DS03,train,9,49,34.008507,train,0
DS03,train,9,50,30.646175,train,0
DS03,train,9,51,32.182472,train,0
DS03,train,9,52,28.706963,train,0
DS03,train,9,53,32.06391,train,0
DS03,train,9,54,28.081118,train,0
DS03,train,9,55,26.588953,train,0
DS03,train,9,56,23.8102,train,0
DS03,train,9,57,23.10352,train,0
DS03,train,9,58,23.50284,train,0
DS03,train,9,59,20.710052,train,0
DS03,train,9,60,21.372755,train,0
DS03,train,9,61,22.105074,train,0
DS03,train,9,62,18.44195,train,0
DS03,train,9,63,17.905176,train,0
DS03,train,9,64,18.721869,train,0
DS03,train,9,65,18.195791,train,0
DS03,train,9,66,18.579502,train,0
DS03,train,9,67,16.545824,train,0
DS03,train,9,68,15.222056,train,0
DS03,train,9,69,13.515996,train,0
DS03,train,9,70,13.318525,train,0
DS03,train,9,71,12.103338,train,0
DS03,train,9,72,10.534713,train,0
DS03,train,9,73,9.361304,train,0
DS03,train,9,74,7.8046885,train,0
DS03,train,9,75,8.179624,train,0
DS03,train,9,76,5.488911,train,0
DS03,train,9,77,7.394783,train,0
DS03,train,9,78,5.8185596,train,0
DS03,train,9,79,4.829544,train,0
DS03,train,9,80,1.9488662,train,0
DS03,train,9,81,1.6174186,train,0
DS03,train,9,82,1.0741138,train,0
DS03,train,9,83,0.93069875,train,0
DS03,train,9,84,0.42812487,train,0
DS03,test,10,1,70.02572,test,0
DS03,test,10,2,62.962944,test,0
DS03,test,10,3,61.781757,test,0
DS03,test,10,4,62.660385,test,0
DS03,test,10,5,62.98548,test,0
DS03,test,10,6,60.951843,test,0
DS03,test,10,7,59.984253,test,0
DS03,test,10,8,54.28025,test,0
DS03,test,10,9,51.633255,test,0
DS03,test,10,10,50.86683,test,0
DS03,test,10,11,54.12924,test,0
DS03,test,10,12,53.701702,test,0
DS03,test,10,13,56.524082,test,0
DS03,test,10,14,52.183548,test,0
DS03,test,10,15,52.960556,test,0
DS03,test,10,16,50.363037,test,0
DS03,test,10,17,46.91828,test,0
DS03,test,10,18,47.246372,test,0
DS03,test,10,19,44.312477,test,0
DS03,test,10,20,46.389027,test,0
DS03,test,10,21,47.811047,test,0
DS03,test,10,22,45.70587,test,0
DS03,test,10,23,45.52496,test,0
DS03,test,10,24,48.38494,test,0
DS03,test,10,25,41.477554,test,0
DS03,test,10,26,42.715603,test,0
DS03,test,10,27,38.399567,test,0
DS03,test,10,28,37.96388,test,0
DS03,test,10,29,37.946877,test,0
DS03,test,10,30,38.527283,test,0
DS03,test,10,31,33.940437,test,0
DS03,test,10,32,33.496532,test,0
DS03,test,10,33,31.404778,test,0
DS03,test,10,34,35.42928,test,0
DS03,test,10,35,32.08576,test,0
DS03,test,10,36,30.473198,test,0
DS03,test,10,37,29.224033,test,0
DS03,test,10,38,33.015564,test,0
DS03,test,10,39,26.23476,test,0
DS03,test,10,40,24.312279,test,0
DS03,test,10,41,23.615213,test,0
DS03,test,10,42,28.323229,test,0
DS03,test,10,43,26.51679,test,0
DS03,test,10,44,24.047766,test,0
DS03,test,10,45,20.165106,test,0
DS03,test,10,46,22.341444,test,0
DS03,test,10,47,21.116777,test,0
DS03,test,10,48,20.885666,test,0
DS03,test,10,49,19.554756,test,0
DS03,test,10,50,18.737614,test,0
DS03,test,10,51,13.995469,test,0
DS03,test,10,52,14.334591,test,0
DS03,test,10,53,13.408406,test,0
DS03,test,10,54,12.737804,test,0
DS03,test,10,55,14.364915,test,0
DS03,test,10,56,12.641383,test,0
DS03,test,10,57,12.658173,test,0
DS03,test,10,58,9.391708,test,0
DS03,test,10,59,6.4007177,test,0
DS03,test,10,60,5.7417903,test,0
DS03,test,10,61,4.1626453,test,0
DS03,test,10,62,3.8872674,test,0
DS03,test,10,63,3.0576007,test,0
DS03,test,10,64,3.5837858,test,0
DS03,test,10,65,7.004099,test,0
DS03,test,10,66,5.3661337,test,0
DS03,test,11,1,67.84393,test,0
DS03,test,11,2,70.7294,test,0
DS03,test,11,3,64.90984,test,0
DS03,test,11,4,66.39619,test,0
DS03,test,11,5,67.14958,test,0
DS03,test,11,6,60.395393,test,0
DS03,test,11,7,60.44301,test,0
DS03,test,11,8,64.27785,test,0
DS03,test,11,9,60.867706,test,0
DS03,test,11,10,58.626167,test,0
DS03,test,11,11,59.158104,test,0
DS03,test,11,12,59.932,test,0
DS03,test,11,13,56.572594,test,0
DS03,test,11,14,52.78146,test,0
DS03,test,11,15,55.039898,test,0
DS03,test,11,16,51.056744,test,0
DS03,test,11,17,51.2023,test,0
DS03,test,11,18,46.17609,test,0
DS03,test,11,19,46.837414,test,0
DS03,test,11,20,48.271294,test,0
DS03,test,11,21,49.841152,test,0
DS03,test,11,22,43.01436,test,0
DS03,test,11,23,44.619263,test,0
DS03,test,11,24,44.860447,test,0
DS03,test,11,25,43.01394,test,0
DS03,test,11,26,37.58375,test,0
DS03,test,11,27,40.082497,test,0
DS03,test,11,28,42.12957,test,0
DS03,test,11,29,45.616108,test,0
DS03,test,11,30,36.483883,test,0
DS03,test,11,31,33.699665,test,0
DS03,test,11,32,37.326927,test,0
DS03,test,11,33,33.261772,test,0
DS03,test,11,34,32.169445,test,0
DS03,test,11,35,30.263649,test,0
DS03,test,11,36,28.75363,test,0
DS03,test,11,37,26.072865,test,0
DS03,test,11,38,24.413755,test,0
DS03,test,11,39,24.660519,test,0
DS03,test,11,40,26.553347,test,0
DS03,test,11,41,25.038557,test,0
DS03,test,11,42,25.823349,test,0
DS03,test,11,43,24.992086,test,0
DS03,test,11,44,21.004747,test,0
DS03,test,11,45,22.803213,test,0
DS03,test,11,46,17.802238,test,0
DS03,test,11,47,16.78805,test,0
DS03,test,11,48,14.839843,test,0
DS03,test,11,49,13.905009,test,0
DS03,test,11,50,7.188907,test,0
DS03,test,11,51,9.198519,test,0
DS03,test,11,52,6.4351845,test,0
DS03,test,11,53,9.554528,test,0
DS03,test,11,54,4.674587,test,0
DS03,test,11,55,2.2906969,test,0
DS03,test,11,56,2.600381,test,0
DS03,test,11,57,2.090067,test,0
DS03,test,11,58,1.0730338,test,0
DS03,test,11,59,0.0,test,0
DS03,test,12,1,90.037544,test,0
DS03,test,12,2,84.87208,test,0
DS03,test,12,3,87.26304,test,0
DS03,test,12,4,76.41675,test,0
DS03,test,12,5,79.71492,test,0
DS03,test,12,6,77.156784,test,0
DS03,test,12,7,78.93789,test,0
DS03,test,12,8,77.017075,test,0
DS03,test,12,9,72.60057,test,0
DS03,test,12,10,71.51167,test,0
DS03,test,12,11,70.63333,test,0
DS03,test,12,12,70.84872,test,0
DS03,test,12,13,71.893036,test,0
DS03,test,12,14,65.58225,test,0
DS03,test,12,15,69.77466,test,0
DS03,test,12,16,64.47609,test,0
DS03,test,12,17,66.20869,test,0
DS03,test,12,18,71.79311,test,0
DS03,test,12,19,66.90625,test,0
DS03,test,12,20,62.37563,test,0
DS03,test,12,21,61.57216,test,0
DS03,test,12,22,60.412365,test,0
DS03,test,12,23,60.82347,test,0
DS03,test,12,24,58.29478,test,0
DS03,test,12,25,57.151764,test,0
DS03,test,12,26,50.380264,test,0
DS03,test,12,27,51.062504,test,0
DS03,test,12,28,53.10683,test,0
DS03,test,12,29,54.471203,test,0
DS03,test,12,30,49.996174,test,0
DS03,test,12,31,53.716896,test,0
DS03,test,12,32,53.557785,test,0
DS03,test,12,33,53.775894,test,0
DS03,test,12,34,48.370495,test,0
DS03,test,12,35,46.27178,test,0
DS03,test,12,36,44.49058,test,0
DS03,test,12,37,45.40212,test,0
DS03,test,12,38,44.008694,test,0
DS03,test,12,39,42.792873,test,0
DS03,test,12,40,40.08383,test,0
DS03,test,12,41,44.97275,test,0
DS03,test,12,42,41.69309,test,0
DS03,test,12,43,35.858604,test,0
DS03,test,12,44,33.53435,test,0
DS03,test,12,45,33.00931,test,0
DS03,test,12,46,33.48256,test,0
DS03,test,12,47,29.554056,test,0
DS03,test,12,48,35.35651,test,0
DS03,test,12,49,35.633553,test,0
DS03,test,12,50,31.19994,test,0
DS03,test,12,51,30.75389,test,0
DS03,test,12,52,28.046507,test,0
DS03,test,12,53,26.679289,test,0
DS03,test,12,54,27.595036,test,0
DS03,test,12,55,25.324123,test,0
DS03,test,12,56,21.492096,test,0
DS03,test,12,57,25.136684,test,0
DS03,test,12,58,23.656645,test,0
DS03,test,12,59,25.142822,test,0
DS03,test,12,60,22.899057,test,0
DS03,test,12,61,21.696249,test,0
DS03,test,12,62,20.850588,test,0
DS03,test,12,63,22.105122,test,0
DS03,test,12,64,21.731136,test,0
DS03,test,12,65,22.491148,test,0
DS03,test,12,66,17.257359,test,0
DS03,test,12,67,14.130721,test,0
DS03,test,12,68,17.192842,test,0
DS03,test,12,69,15.55539,test,0
DS03,test,12,70,18.103767,test,0
DS03,test,12,71,17.254076,test,0
DS03,test,12,72,17.146109,test,0
DS03,test,12,73,14.999553,test,0
DS03,test,12,74,14.88071,test,0
DS03,test,12,75,13.639867,test,0
DS03,test,12,76,13.361174,test,0
DS03,test,12,77,10.776147,test,0
DS03,test,12,78,7.105524,test,0
DS03,test,12,79,12.633736,test,0
DS03,test,12,80,9.173929,test,0
DS03,test,12,81,9.755228,test,0
DS03,test,12,82,4.8823233,test,0
DS03,test,12,83,7.5983257,test,0
DS03,test,12,84,3.9937596,test,0
DS03,test,12,85,7.543256,test,0
DS03,test,12,86,3.474982,test,0
DS03,test,12,87,2.9865859,test,0
DS03,test,12,88,2.1059818,test,0
DS03,test,12,89,0.080849454,test,0
DS03,test,12,90,1.5337722,test,0
DS03,test,12,91,0.0,test,0
DS03,test,12,92,2.0185394,test,0
DS03,test,12,93,3.8435133,test,0
DS03,test,13,1,70.94326,test,0
DS03,test,13,2,70.57222,test,0
DS03,test,13,3,68.77123,test,0
DS03,test,13,4,68.12152,test,0
DS03,test,13,5,62.03395,test,0
DS03,test,13,6,61.005077,test,0
DS03,test,13,7,59.63134,test,0
DS03,test,13,8,59.27541,test,0
DS03,test,13,9,58.73397,test,0
DS03,test,13,10,60.1591,test,0
DS03,test,13,11,61.07373,test,0
DS03,test,13,12,56.817635,test,0
DS03,test,13,13,56.596523,test,0
DS03,test,13,14,56.51771,test,0
DS03,test,13,15,55.73915,test,0
DS03,test,13,16,49.581142,test,0
DS03,test,13,17,53.501095,test,0
DS03,test,13,18,51.16142,test,0
DS03,test,13,19,50.20564,test,0
DS03,test,13,20,47.491615,test,0
DS03,test,13,21,49.31374,test,0
DS03,test,13,22,44.465706,test,0
DS03,test,13,23,46.36478,test,0
DS03,test,13,24,44.04374,test,0
DS03,test,13,25,42.787727,test,0
DS03,test,13,26,39.804382,test,0
DS03,test,13,27,40.18626,test,0
DS03,test,13,28,39.685505,test,0
DS03,test,13,29,36.569435,test,0
DS03,test,13,30,36.75706,test,0
DS03,test,13,31,34.116913,test,0
DS03,test,13,32,34.30985,test,0
DS03,test,13,33,36.825886,test,0
DS03,test,13,34,37.996487,test,0
DS03,test,13,35,36.57721,test,0
DS03,test,13,36,33.988503,test,0
DS03,test,13,37,31.267805,test,0
DS03,test,13,38,30.695032,test,0
DS03,test,13,39,30.161724,test,0
DS03,test,13,40,31.09725,test,0
DS03,test,13,41,25.946564,test,0
DS03,test,13,42,22.923723,test,0
DS03,test,13,43,24.204071,test,0
DS03,test,13,44,25.45934,test,0
DS03,test,13,45,22.04553,test,0
DS03,test,13,46,22.053026,test,0
DS03,test,13,47,21.19088,test,0
DS03,test,13,48,21.086868,test,0
DS03,test,13,49,23.119896,test,0
DS03,test,13,50,20.905445,test,0
DS03,test,13,51,18.195528,test,0
DS03,test,13,52,15.080458,test,0
DS03,test,13,53,16.505676,test,0
DS03,test,13,54,18.841784,test,0
DS03,test,13,55,19.959337,test,0
DS03,test,13,56,21.300817,test,0
DS03,test,13,57,18.87808,test,0
DS03,test,13,58,15.416485,test,0
DS03,test,13,59,12.240899,test,0
DS03,test,13,60,10.9310665,test,0
DS03,test,13,61,10.554016,test,0
DS03,test,13,62,10.703077,test,0
DS03,test,13,63,11.818726,test,0
DS03,test,13,64,13.48318,test,0
DS03,test,13,65,11.844809,test,0
DS03,test,13,66,6.344175,test,0
DS03,test,13,67,5.2878776,test,0
DS03,test,13,68,3.501154,test,0
DS03,test,13,69,5.1306787,test,0
DS03,test,13,70,5.5923963,test,0
DS03,test,13,71,4.2089114,test,0
DS03,test,13,72,5.359146,test,0
DS03,test,13,73,5.266143,test,0
DS03,test,13,74,1.2432312,test,0
DS03,test,13,75,2.6809661,test,0
DS03,test,13,76,1.5949358,test,0
DS03,test,13,77,1.6901321,test,0
DS03,test,14,1,72.75567,test,0
DS03,test,14,2,80.37039,test,0
DS03,test,14,3,75.91109,test,0
DS03,test,14,4,76.63106,test,0
DS03,test,14,5,71.17843,test,0
DS03,test,14,6,73.27111,test,0
DS03,test,14,7,72.379196,test,0
DS03,test,14,8,71.75255,test,0
DS03,test,14,9,67.45317,test,0
DS03,test,14,10,66.63903,test,0
DS03,test,14,11,70.89523,test,0
DS03,test,14,12,64.654755,test,0
DS03,test,14,13,68.69502,test,0
DS03,test,14,14,69.363785,test,0
DS03,test,14,15,71.12943,test,0
DS03,test,14,16,65.5554,test,0
DS03,test,14,17,61.185608,test,0
DS03,test,14,18,59.33921,test,0
DS03,test,14,19,59.255947,test,0
DS03,test,14,20,58.207733,test,0
DS03,test,14,21,59.42869,test,0
DS03,test,14,22,54.639206,test,0
DS03,test,14,23,54.781353,test,0
DS03,test,14,24,50.493557,test,0
DS03,test,14,25,54.515938,test,0
DS03,test,14,26,53.034653,test,0
DS03,test,14,27,48.439796,test,0
DS03,test,14,28,51.69633,test,0
DS03,test,14,29,48.360622,test,0
DS03,test,14,30,45.589874,test,0
DS03,test,14,31,45.310753,test,0
DS03,test,14,32,54.472603,test,0
DS03,test,14,33,52.277946,test,0
DS03,test,14,34,50.521645,test,0
DS03,test,14,35,49.507835,test,0
DS03,test,14,36,50.810863,test,0
DS03,test,14,37,45.085846,test,0
DS03,test,14,38,44.436047,test,0
DS03,test,14,39,45.51523,test,0
DS03,test,14,40,44.99537,test,0
DS03,test,14,41,38.970383,test,0
DS03,test,14,42,38.238716,test,0
DS03,test,14,43,36.347504,test,0
DS03,test,14,44,40.618717,test,0
DS03,test,14,45,40.067295,test,0
DS03,test,14,46,38.811462,test,0
DS03,test,14,47,30.86086,test,0
DS03,test,14,48,29.165533,test,0
DS03,test,14,49,26.994402,test,0
DS03,test,14,50,28.62126,test,0
DS03,test,14,51,31.302454,test,0
DS03,test,14,52,26.327785,test,0
DS03,test,14,53,31.278517,test,0
DS03,test,14,54,27.574677,test,0
DS03,test,14,55,26.497677,test,0
DS03,test,14,56,22.974815,test,0
DS03,test,14,57,21.103138,test,0
DS03,test,14,58,21.46476,test,0
DS03,test,14,59,18.119999,test,0
DS03,test,14,60,16.13707,test,0
DS03,test,14,61,17.137371,test,0
DS03,test,14,62,17.362825,test,0
DS03,test,14,63,18.361242,test,0
DS03,test,14,64,14.499392,test,0
DS03,test,14,65,11.229493,test,0
DS03,test,14,66,11.050871,test,0
DS03,test,14,67,7.599128,test,0
DS03,test,14,68,8.402708,test,0
DS03,test,14,69,6.2113137,test,0
DS03,test,14,70,7.198853,test,0
DS03,test,14,71,10.143109,test,0
DS03,test,14,72,10.484938,test,0
DS03,test,14,73,4.537826,test,0
DS03,test,14,74,5.4524994,test,0
DS03,test,14,75,2.8956137,test,0
DS03,test,14,76,2.0745454,test,0
DS03,test,15,1,80.61054,test,0
DS03,test,15,2,74.947075,test,0
DS03,test,15,3,66.09892,test,0
DS03,test,15,4,64.911514,test,0
DS03,test,15,5,65.683395,test,0
DS03,test,15,6,63.958397,test,0
DS03,test,15,7,59.93819,test,0
DS03,test,15,8,60.21404,test,0
DS03,test,15,9,58.387867,test,0
DS03,test,15,10,54.78318,test,0
DS03,test,15,11,53.10526,test,0
DS03,test,15,12,54.57147,test,0
DS03,test,15,13,59.637444,test,0
DS03,test,15,14,54.83718,test,0
DS03,test,15,15,57.01249,test,0
DS03,test,15,16,46.66821,test,0
DS03,test,15,17,48.53234,test,0
DS03,test,15,18,50.502663,test,0
DS03,test,15,19,48.181957,test,0
DS03,test,15,20,45.937958,test,0
DS03,test,15,21,47.092422,test,0
DS03,test,15,22,49.37256,test,0
DS03,test,15,23,46.119137,test,0
DS03,test,15,24,42.18783,test,0
DS03,test,15,25,41.944168,test,0
DS03,test,15,26,41.762623,test,0
DS03,test,15,27,41.47982,test,0
DS03,test,15,28,42.983337,test,0
DS03,test,15,29,40.211975,test,0
DS03,test,15,30,36.506046,test,0
DS03,test,15,31,36.379864,test,0
DS03,test,15,32,36.05883,test,0
DS03,test,15,33,37.421776,test,0
DS03,test,15,34,33.098656,test,0
DS03,test,15,35,34.749302,test,0
DS03,test,15,36,33.670036,test,0
DS03,test,15,37,31.819805,test,0
DS03,test,15,38,32.239594,test,0
DS03,test,15,39,27.342636,test,0
DS03,test,15,40,24.718504,test,0
DS03,test,15,41,24.97619,test,0
DS03,test,15,42,27.243654,test,0
DS03,test,15,43,22.177538,test,0
DS03,test,15,44,18.818905,test,0
DS03,test,15,45,19.273726,test,0
DS03,test,15,46,21.98157,test,0
DS03,test,15,47,22.180433,test,0
DS03,test,15,48,19.89239,test,0
DS03,test,15,49,18.320425,test,0
DS03,test,15,50,20.324064,test,0
DS03,test,15,51,18.168762,test,0
DS03,test,15,52,18.797485,test,0
DS03,test,15,53,13.736491,test,0
DS03,test,15,54,11.589623,test,0
DS03,test,15,55,11.2337475,test,0
DS03,test,15,56,14.938011,test,0
DS03,test,15,57,11.274017,test,0
DS03,test,15,58,9.246075,test,0
DS03,test,15,59,8.473079,test,0
DS03,test,15,60,7.4669538,test,0
DS03,test,15,61,5.435968,test,0
DS03,test,15,62,7.167503,test,0
DS03,test,15,63,8.433281,test,0
DS03,test,15,64,7.3395185,test,0
DS03,test,15,65,5.7181554,test,0
DS03,test,15,66,1.1210842,test,0
DS03,test,15,67,0.6107558,test,0
