engine_id,cycle,rul_pred,anomaly_score,decision_label_v1,reason_codes,reason_text,theta_rul_used,alpha_anomaly_used,asset_id,t,decision_label_v2,changed
1,71,28.82256,2.7755575615628914e-15,Normal Operation,RUL_HIGH|ANOM_LOW,RUL is above θ_RUL and anomaly is below α_anomaly; continue normal operation.,3.64273117,0.0488833139465921,1,71,Planned Maintenance,True
1,72,26.19872,0.0,Normal Operation,RUL_HIGH|ANOM_LOW,RUL is above θ_RUL and anomaly is below α_anomaly; continue normal operation.,3.64273117,0.0488833139465921,1,72,Planned Maintenance,True
1,73,26.965418,3.1545877021699198e-12,Normal Operation,RUL_HIGH|ANOM_LOW,RUL is above θ_RUL and anomaly is below α_anomaly; continue normal operation.,3.64273117,0.0488833139465921,1,73,Planned Maintenance,True
1,74,24.627462,8.625522518457274e-11,Normal Operation,RUL_HIGH|ANOM_LOW,RUL is above θ_RUL and anomaly is below α_anomaly; continue normal operation.,3.64273117,0.0488833139465921,1,74,Planned Maintenance,True
1,75,23.674257,3.216842678122056e-06,Normal Operation,RUL_HIGH|ANOM_LOW,RUL is above θ_RUL and anomaly is below α_anomaly; continue normal operation.,3.64273117,0.0488833139465921,1,75,Planned Maintenance,True
1,76,23.29633,6.661338147750939e-16,Normal Operation,RUL_HIGH|ANOM_LOW,RUL is above θ_RUL and anomaly is below α_anomaly; continue normal operation.,3.64273117,0.0488833139465921,1,76,Planned Maintenance,True
1,77,21.97475,6.661338147750939e-16,Normal Operation,RUL_HIGH|ANOM_LOW,RUL is above θ_RUL and anomaly is below α_anomaly; continue normal operation.,3.64273117,0.0488833139465921,1,77,Planned Maintenance,True
1,78,20.19493,3.634929690576882e-09,Normal Operation,RUL_HIGH|ANOM_LOW,RUL is above θ_RUL and anomaly is below α_anomaly; continue normal operation.,3.64273117,0.0488833139465921,1,78,Planned Maintenance,True
1,79,19.671627,1.2545520178264267e-14,Normal Operation,RUL_HIGH|ANOM_LOW,RUL is above θ_RUL and anomaly is below α_anomaly; continue normal operation.,3.64273117,0.0488833139465921,1,79,Planned Maintenance,True
1,80,18.489761,2.2547352873658608e-10,Normal Operation,RUL_HIGH|ANOM_LOW,RUL is above θ_RUL and anomaly is below α_anomaly; continue normal operation.,3.64273117,0.0488833139465921,1,80,Planned Maintenance,True
1,81,18.113417,1.1102230246251563e-16,Normal Operation,RUL_HIGH|ANOM_LOW,RUL is above θ_RUL and anomaly is below α_anomaly; continue normal operation.,3.64273117,0.0488833139465921,1,81,Planned Maintenance,True
1,82,16.993814,2.220446049250313e-16,Normal Operation,RUL_HIGH|ANOM_LOW,RUL is above θ_RUL and anomaly is below α_anomaly; continue normal operation.,3.64273117,0.0488833139465921,1,82,Planned Maintenance,True
1,83,16.144773,7.771561172376096e-15,Normal Operation,RUL_HIGH|ANOM_LOW,RUL is above θ_RUL and anomaly is below α_anomaly; continue normal operation.,3.64273117,0.0488833139465921,1,83,Planned Maintenance,True
1,84,15.057364,4.4289511724748833e-08,Normal Operation,RUL_HIGH|ANOM_LOW,RUL is above θ_RUL and anomaly is below α_anomaly; continue normal operation.,3.64273117,0.0488833139465921,1,84,Planned Maintenance,True
1,85,14.242931,2.4424906541753444e-15,Normal Operation,RUL_HIGH|ANOM_LOW,RUL is above θ_RUL and anomaly is below α_anomaly; continue normal operation.,3.64273117,0.0488833139465921,1,85,Planned Maintenance,True
1,86,13.256523,4.0057541839111366e-08,Normal Operation,RUL_HIGH|ANOM_LOW,RUL is above θ_RUL and anomaly is below α_anomaly; continue normal operation.,3.64273117,0.0488833139465921,1,86,Planned Maintenance,True
1,87,12.378244,6.366853284589524e-07,Normal Operation,RUL_HIGH|ANOM_LOW,RUL is above θ_RUL and anomaly is below α_anomaly; continue normal operation.,3.64273117,0.0488833139465921,1,87,Planned Maintenance,True
1,88,11.973533,0.0002851478681111,Normal Operation,RUL_HIGH|ANOM_LOW,RUL is above θ_RUL and anomaly is below α_anomaly; continue normal operation.,3.64273117,0.0488833139465921,1,88,Planned Maintenance,True
1,89,10.860767,4.936051567483446e-13,Normal Operation,RUL_HIGH|ANOM_LOW,RUL is above θ_RUL and anomaly is below α_anomaly; continue normal operation.,3.64273117,0.0488833139465921,1,89,Planned Maintenance,True
1,90,9.881971,1.2824186157445185e-12,Normal Operation,RUL_HIGH|ANOM_LOW,RUL is above θ_RUL and anomaly is below α_anomaly; continue normal operation.,3.64273117,0.0488833139465921,1,90,Planned Maintenance,True
1,91,8.973678,1.0735856648125265e-13,Normal Operation,RUL_HIGH|ANOM_LOW,RUL is above θ_RUL and anomaly is below α_anomaly; continue normal operation.,3.64273117,0.0488833139465921,1,91,Planned Maintenance,True
1,92,8.0428,8.791768444038617e-06,Normal Operation,RUL_HIGH|ANOM_LOW,RUL is above θ_RUL and anomaly is below α_anomaly; continue normal operation.,3.64273117,0.0488833139465921,1,92,Planned Maintenance,True
1,93,7.434331,1.0288436769201326e-12,Normal Operation,RUL_HIGH|ANOM_LOW,RUL is above θ_RUL and anomaly is below α_anomaly; continue normal operation.,3.64273117,0.0488833139465921,1,93,Planned Maintenance,True
1,94,7.0289574,1.6108219980104366e-08,Normal Operation,RUL_HIGH|ANOM_LOW,RUL is above θ_RUL and anomaly is below α_anomaly; continue normal operation.,3.64273117,0.0488833139465921,1,94,Planned Maintenance,True
1,95,6.568311,0.0002871101668744,Normal Operation,RUL_HIGH|ANOM_LOW,RUL is above θ_RUL and anomaly is below α_anomaly; continue normal operation.,3.64273117,0.0488833139465921,1,95,Planned Maintenance,True
1,96,5.7401304,2.566835632933362e-12,Normal Operation,RUL_HIGH|ANOM_LOW,RUL is above θ_RUL and anomaly is below α_anomaly; continue normal operation.,3.64273117,0.0488833139465921,1,96,Planned Maintenance,True
1,97,5.218575,2.0966028912994259e-10,Normal Operation,RUL_HIGH|ANOM_LOW,RUL is above θ_RUL and anomaly is below α_anomaly; continue normal operation.,3.64273117,0.0488833139465921,1,97,Planned Maintenance,True
1,98,4.9939218,8.980227268584606e-06,Normal Operation,RUL_HIGH|ANOM_LOW,RUL is above θ_RUL and anomaly is below α_anomaly; continue normal operation.,3.64273117,0.0488833139465921,1,98,Planned Maintenance,True
1,99,4.402464,5.0681899232962735e-08,Normal Operation,RUL_HIGH|ANOM_LOW,RUL is above θ_RUL and anomaly is below α_anomaly; continue normal operation.,3.64273117,0.0488833139465921,1,99,Planned Maintenance,True
1,100,3.9888983,7.366470988756646e-09,Normal Operation,RUL_HIGH|ANOM_LOW,RUL is above θ_RUL and anomaly is below α_anomaly; continue normal operation.,3.64273117,0.0488833139465921,1,100,Planned Maintenance,True
2,2,80.727135,0.3081231067035841,Enhanced Monitoring,RUL_HIGH|ANOM_HIGH,RUL is above θ_RUL but anomaly is above α_anomaly; increase monitoring and run diagnostics.,3.64273117,0.0488833139465921,2,2,Normal Operation,True
2,3,71.48133,0.999385248349174,Enhanced Monitoring,RUL_HIGH|ANOM_HIGH,RUL is above θ_RUL but anomaly is above α_anomaly; increase monitoring and run diagnostics.,3.64273117,0.0488833139465921,2,3,Normal Operation,True
2,17,64.82484,0.999497883396888,Enhanced Monitoring,RUL_HIGH|ANOM_HIGH,RUL is above θ_RUL but anomaly is above α_anomaly; increase monitoring and run diagnostics.,3.64273117,0.0488833139465921,2,17,Normal Operation,True
2,24,56.747807,0.0648114001610044,Enhanced Monitoring,RUL_HIGH|ANOM_HIGH,RUL is above θ_RUL but anomaly is above α_anomaly; increase monitoring and run diagnostics.,3.64273117,0.0488833139465921,2,24,Normal Operation,True
2,30,65.45484,0.9898108909728374,Enhanced Monitoring,RUL_HIGH|ANOM_HIGH,RUL is above θ_RUL but anomaly is above α_anomaly; increase monitoring and run diagnostics.,3.64273117,0.0488833139465921,2,30,Normal Operation,True
2,45,27.732735,0.8212718193486028,Enhanced Monitoring,RUL_HIGH|ANOM_HIGH,RUL is above θ_RUL but anomaly is above α_anomaly; increase monitoring and run diagnostics.,3.64273117,0.0488833139465921,2,45,Planned Maintenance,True
2,47,30.380978,0.7105051006372357,Enhanced Monitoring,RUL_HIGH|ANOM_HIGH,RUL is above θ_RUL but anomaly is above α_anomaly; increase monitoring and run diagnostics.,3.64273117,0.0488833139465921,2,47,Normal Operation,True
2,48,28.227148,2.72271483137132e-09,Normal Operation,RUL_HIGH|ANOM_LOW,RUL is above θ_RUL and anomaly is below α_anomaly; continue normal operation.,3.64273117,0.0488833139465921,2,48,Planned Maintenance,True
2,49,30.234364,0.9998397797026936,Enhanced Monitoring,RUL_HIGH|ANOM_HIGH,RUL is above θ_RUL but anomaly is above α_anomaly; increase monitoring and run diagnostics.,3.64273117,0.0488833139465921,2,49,Normal Operation,True
2,50,25.631279,0.0005628676609975,Normal Operation,RUL_HIGH|ANOM_LOW,RUL is above θ_RUL and anomaly is below α_anomaly; continue normal operation.,3.64273117,0.0488833139465921,2,50,Planned Maintenance,True
2,51,23.948109,2.6749994330721453e-08,Normal Operation,RUL_HIGH|ANOM_LOW,RUL is above θ_RUL and anomaly is below α_anomaly; continue normal operation.,3.64273117,0.0488833139465921,2,51,Immediate Maintenance,True
2,52,25.763521,0.0022426944427075,Normal Operation,RUL_HIGH|ANOM_LOW,RUL is above θ_RUL and anomaly is below α_anomaly; continue normal operation.,3.64273117,0.0488833139465921,2,52,Planned Maintenance,True
2,53,22.505966,0.0375655776031093,Normal Operation,RUL_HIGH|ANOM_LOW,RUL is above θ_RUL and anomaly is below α_anomaly; continue normal operation.,3.64273117,0.0488833139465921,2,53,Planned Maintenance,True
2,54,21.277514,5.322897859594278e-06,Normal Operation,RUL_HIGH|ANOM_LOW,RUL is above θ_RUL and anomaly is below α_anomaly; continue normal operation.,3.64273117,0.0488833139465921,2,54,Planned Maintenance,True
2,55,21.33545,2.0349287788157258e-07,Normal Operation,RUL_HIGH|ANOM_LOW,RUL is above θ_RUL and anomaly is below α_anomaly; continue normal operation.,3.64273117,0.0488833139465921,2,55,Planned Maintenance,True
2,56,18.810085,2.4235405204908744e-07,Normal Operation,RUL_HIGH|ANOM_LOW,RUL is above θ_RUL and anomaly is below α_anomaly; continue normal operation.,3.64273117,0.0488833139465921,2,56,Planned Maintenance,True
2,57,17.553297,1.5835954769727323e-10,Normal Operation,RUL_HIGH|ANOM_LOW,RUL is above θ_RUL and anomaly is below α_anomaly; continue normal operation.,3.64273117,0.0488833139465921,2,57,Planned Maintenance,True
2,58,16.247087,7.046266017807223e-05,Normal Operation,RUL_HIGH|ANOM_LOW,RUL is above θ_RUL and anomaly is below α_anomaly; continue normal operation.,3.64273117,0.0488833139465921,2,58,Planned Maintenance,True
2,59,15.780242,1.921150265538074e-07,Normal Operation,RUL_HIGH|ANOM_LOW,RUL is above θ_RUL and anomaly is below α_anomaly; continue normal operation.,3.64273117,0.0488833139465921,2,59,Planned Maintenance,True
2,60,15.413225,0.0008207524043355,Normal Operation,RUL_HIGH|ANOM_LOW,RUL is above θ_RUL and anomaly is below α_anomaly; continue normal operation.,3.64273117,0.0488833139465921,2,60,Planned Maintenance,True
2,61,14.48581,7.846421956614336e-09,Normal Operation,RUL_HIGH|ANOM_LOW,RUL is above θ_RUL and anomaly is below α_anomaly; continue normal operation.,3.64273117,0.0488833139465921,2,61,Planned Maintenance,True
2,62,13.46042,2.657391752203253e-07,Normal Operation,RUL_HIGH|ANOM_LOW,RUL is above θ_RUL and anomaly is below α_anomaly; continue normal operation.,3.64273117,0.0488833139465921,2,62,Planned Maintenance,True
2,63,11.83443,7.393365611951808e-07,Normal Operation,RUL_HIGH|ANOM_LOW,RUL is above θ_RUL and anomaly is below α_anomaly; continue normal operation.,3.64273117,0.0488833139465921,2,63,Planned Maintenance,True
2,64,11.77037,0.0004094196593449,Normal Operation,RUL_HIGH|ANOM_LOW,RUL is above θ_RUL and anomaly is below α_anomaly; continue normal operation.,3.64273117,0.0488833139465921,2,64,Planned Maintenance,True
2,65,10.625079,2.838142384453679e-05,Normal Operation,RUL_HIGH|ANOM_LOW,RUL is above θ_RUL and anomaly is below α_anomaly; continue normal operation.,3.64273117,0.0488833139465921,2,65,Planned Maintenance,True
2,66,8.6809225,3.156805139004071e-05,Normal Operation,RUL_HIGH|ANOM_LOW,RUL is above θ_RUL and anomaly is below α_anomaly; continue normal operation.,3.64273117,0.0488833139465921,2,66,Planned Maintenance,True
2,67,8.834778,0.0961518905299083,Enhanced Monitoring,RUL_HIGH|ANOM_HIGH,RUL is above θ_RUL but anomaly is above α_anomaly; increase monitoring and run diagnostics.,3.64273117,0.0488833139465921,2,67,Planned Maintenance,True
2,68,7.7651424,3.123079572731058e-11,Normal Operation,RUL_HIGH|ANOM_LOW,RUL is above θ_RUL and anomaly is below α_anomaly; continue normal operation.,3.64273117,0.0488833139465921,2,68,Planned Maintenance,True
2,69,7.072575,1.5773062300716845e-07,Normal Operation,RUL_HIGH|ANOM_LOW,RUL is above θ_RUL and anomaly is below α_anomaly; continue normal operation.,3.64273117,0.0488833139465921,2,69,Planned Maintenance,True
2,70,6.4583535,9.600586862279492e-06,Normal Operation,RUL_HIGH|ANOM_LOW,RUL is above θ_RUL and anomaly is below α_anomaly; continue normal operation.,3.64273117,0.0488833139465921,2,70,Planned Maintenance,True
2,71,5.7863193,0.5077714994056374,Enhanced Monitoring,RUL_HIGH|ANOM_HIGH,RUL is above θ_RUL but anomaly is above α_anomaly; increase monitoring and run diagnostics.,3.64273117,0.0488833139465921,2,71,Planned Maintenance,True
2,72,5.7641854,0.0018198925254722,Normal Operation,RUL_HIGH|ANOM_LOW,RUL is above θ_RUL and anomaly is below α_anomaly; continue normal operation.,3.64273117,0.0488833139465921,2,72,Planned Maintenance,True
2,73,4.6410747,2.2792656609205153e-05,Normal Operation,RUL_HIGH|ANOM_LOW,RUL is above θ_RUL and anomaly is below α_anomaly; continue normal operation.,3.64273117,0.0488833139465921,2,73,Planned Maintenance,True
2,74,4.327133,3.282810911997558e-09,Normal Operation,RUL_HIGH|ANOM_LOW,RUL is above θ_RUL and anomaly is below α_anomaly; continue normal operation.,3.64273117,0.0488833139465921,2,74,Planned Maintenance,True
2,75,3.927485,0.1347360246074695,Enhanced Monitoring,RUL_HIGH|ANOM_HIGH,RUL is above θ_RUL but anomaly is above α_anomaly; increase monitoring and run diagnostics.,3.64273117,0.0488833139465921,2,75,Planned Maintenance,True
3,4,78.44403,0.3496480325118489,Enhanced Monitoring,RUL_HIGH|ANOM_HIGH,RUL is above θ_RUL but anomaly is above α_anomaly; increase monitoring and run diagnostics.,3.64273117,0.0488833139465921,3,4,Normal Operation,True
3,24,66.99041,0.389634583385773,Enhanced Monitoring,RUL_HIGH|ANOM_HIGH,RUL is above θ_RUL but anomaly is above α_anomaly; increase monitoring and run diagnostics.,3.64273117,0.0488833139465921,3,24,Normal Operation,True
3,51,38.49507,0.9998304306659042,Enhanced Monitoring,RUL_HIGH|ANOM_HIGH,RUL is above θ_RUL but anomaly is above α_anomaly; increase monitoring and run diagnostics.,3.64273117,0.0488833139465921,3,51,Normal Operation,True
3,61,39.417076,0.8681048854140249,Enhanced Monitoring,RUL_HIGH|ANOM_HIGH,RUL is above θ_RUL but anomaly is above α_anomaly; increase monitoring and run diagnostics.,3.64273117,0.0488833139465921,3,61,Normal Operation,True
3,70,29.87034,4.786600630124482e-05,Normal Operation,RUL_HIGH|ANOM_LOW,RUL is above θ_RUL and anomaly is below α_anomaly; continue normal operation.,3.64273117,0.0488833139465921,3,70,Planned Maintenance,True
3,72,27.141062,1.7325656964550795e-05,Normal Operation,RUL_HIGH|ANOM_LOW,RUL is above θ_RUL and anomaly is below α_anomaly; continue normal operation.,3.64273117,0.0488833139465921,3,72,Planned Maintenance,True
3,73,27.58886,3.774758283725532e-13,Normal Operation,RUL_HIGH|ANOM_LOW,RUL is above θ_RUL and anomaly is below α_anomaly; continue normal operation.,3.64273117,0.0488833139465921,3,73,Planned Maintenance,True
3,74,27.869913,2.102873430942509e-12,Normal Operation,RUL_HIGH|ANOM_LOW,RUL is above θ_RUL and anomaly is below α_anomaly; continue normal operation.,3.64273117,0.0488833139465921,3,74,Planned Maintenance,True
3,75,25.164022,3.1252778143198157e-13,Normal Operation,RUL_HIGH|ANOM_LOW,RUL is above θ_RUL and anomaly is below α_anomaly; continue normal operation.,3.64273117,0.0488833139465921,3,75,Planned Maintenance,True
3,76,24.87933,9.692247004977617e-13,Normal Operation,RUL_HIGH|ANOM_LOW,RUL is above θ_RUL and anomaly is below α_anomaly; continue normal operation.,3.64273117,0.0488833139465921,3,76,Planned Maintenance,True
3,77,24.532946,0.0617781428422531,Enhanced Monitoring,RUL_HIGH|ANOM_HIGH,RUL is above θ_RUL but anomaly is above α_anomaly; increase monitoring and run diagnostics.,3.64273117,0.0488833139465921,3,77,Planned Maintenance,True
3,78,26.324547,1.362760202350266e-06,Normal Operation,RUL_HIGH|ANOM_LOW,RUL is above θ_RUL and anomaly is below α_anomaly; continue normal operation.,3.64273117,0.0488833139465921,3,78,Planned Maintenance,True
3,79,23.67082,0.0028927044714014,Normal Operation,RUL_HIGH|ANOM_LOW,RUL is above θ_RUL and anomaly is below α_anomaly; continue normal operation.,3.64273117,0.0488833139465921,3,79,Planned Maintenance,True
3,80,23.76895,2.4247350682848893e-08,Normal Operation,RUL_HIGH|ANOM_LOW,RUL is above θ_RUL and anomaly is below α_anomaly; continue normal operation.,3.64273117,0.0488833139465921,3,80,Planned Maintenance,True
3,81,23.557627,2.6190095792189005e-05,Normal Operation,RUL_HIGH|ANOM_LOW,RUL is above θ_RUL and anomaly is below α_anomaly; continue normal operation.,3.64273117,0.0488833139465921,3,81,Planned Maintenance,True
3,82,22.0346,5.225819776910612e-13,Normal Operation,RUL_HIGH|ANOM_LOW,RUL is above θ_RUL and anomaly is below α_anomaly; continue normal operation.,3.64273117,0.0488833139465921,3,82,Planned Maintenance,True
3,83,22.44392,8.984938550615773e-06,Normal Operation,RUL_HIGH|ANOM_LOW,RUL is above θ_RUL and anomaly is below α_anomaly; continue normal operation.,3.64273117,0.0488833139465921,3,83,Planned Maintenance,True
3,84,22.353403,2.0500722928140647e-06,Normal Operation,RUL_HIGH|ANOM_LOW,RUL is above θ_RUL and anomaly is below α_anomaly; continue normal operation.,3.64273117,0.0488833139465921,3,84,Planned Maintenance,True
3,85,21.170807,0.0,Normal Operation,RUL_HIGH|ANOM_LOW,RUL is above θ_RUL and anomaly is below α_anomaly; continue normal operation.,3.64273117,0.0488833139465921,3,85,Planned Maintenance,True
3,86,20.074598,8.138423268633233e-10,Normal Operation,RUL_HIGH|ANOM_LOW,RUL is above θ_RUL and anomaly is below α_anomaly; continue normal operation.,3.64273117,0.0488833139465921,3,86,Planned Maintenance,True
3,87,19.112328,2.881936938559093e-05,Normal Operation,RUL_HIGH|ANOM_LOW,RUL is above θ_RUL and anomaly is below α_anomaly; continue normal operation.,3.64273117,0.0488833139465921,3,87,Planned Maintenance,True
3,88,18.846205,0.0002923950208451,Normal Operation,RUL_HIGH|ANOM_LOW,RUL is above θ_RUL and anomaly is below α_anomaly; continue normal operation.,3.64273117,0.0488833139465921,3,88,Planned Maintenance,True
3,89,18.336226,4.441336187710476e-12,Normal Operation,RUL_HIGH|ANOM_LOW,RUL is above θ_RUL and anomaly is below α_anomaly; continue normal operation.,3.64273117,0.0488833139465921,3,89,Planned Maintenance,True
3,90,17.55983,1.5233470249342853e-05,Normal Operation,RUL_HIGH|ANOM_LOW,RUL is above θ_RUL and anomaly is below α_anomaly; continue normal operation.,3.64273117,0.0488833139465921,3,90,Planned Maintenance,True
3,91,15.446514,5.049568488679768e-06,Normal Operation,RUL_HIGH|ANOM_LOW,RUL is above θ_RUL and anomaly is below α_anomaly; continue normal operation.,3.64273117,0.0488833139465921,3,91,Planned Maintenance,True
3,92,15.396706,4.069991010879902e-10,Normal Operation,RUL_HIGH|ANOM_LOW,RUL is above θ_RUL and anomaly is below α_anomaly; continue normal operation.,3.64273117,0.0488833139465921,3,92,Planned Maintenance,True
3,93,15.233207,5.9942834695903e-08,Normal Operation,RUL_HIGH|ANOM_LOW,RUL is above θ_RUL and anomaly is below α_anomaly; continue normal operation.,3.64273117,0.0488833139465921,3,93,Planned Maintenance,True
3,94,14.092119,8.910649995641506e-13,Normal Operation,RUL_HIGH|ANOM_LOW,RUL is above θ_RUL and anomaly is below α_anomaly; continue normal operation.,3.64273117,0.0488833139465921,3,94,Planned Maintenance,True
3,95,13.898635,0.0001557228363555,Normal Operation,RUL_HIGH|ANOM_LOW,RUL is above θ_RUL and anomaly is below α_anomaly; continue normal operation.,3.64273117,0.0488833139465921,3,95,Planned Maintenance,True
3,96,13.297407,1.972530159211061e-07,Normal Operation,RUL_HIGH|ANOM_LOW,RUL is above θ_RUL and anomaly is below α_anomaly; continue normal operation.,3.64273117,0.0488833139465921,3,96,Planned Maintenance,True
3,97,13.160194,9.59217816287605e-10,Normal Operation,RUL_HIGH|ANOM_LOW,RUL is above θ_RUL and anomaly is below α_anomaly; continue normal operation.,3.64273117,0.0488833139465921,3,97,Planned Maintenance,True
3,98,13.2084,0.8057393989643727,Enhanced Monitoring,RUL_HIGH|ANOM_HIGH,RUL is above θ_RUL but anomaly is above α_anomaly; increase monitoring and run diagnostics.,3.64273117,0.0488833139465921,3,98,Planned Maintenance,True
3,99,13.464654,2.427879453037462e-09,Normal Operation,RUL_HIGH|ANOM_LOW,RUL is above θ_RUL and anomaly is below α_anomaly; continue normal operation.,3.64273117,0.0488833139465921,3,99,Planned Maintenance,True
3,100,12.249605,5.791636261909261e-06,Normal Operation,RUL_HIGH|ANOM_LOW,RUL is above θ_RUL and anomaly is below α_anomaly; continue normal operation.,3.64273117,0.0488833139465921,3,100,Planned Maintenance,True
4,63,28.224174,1.0550731954772631e-08,Normal Operation,RUL_HIGH|ANOM_LOW,RUL is above θ_RUL and anomaly is below α_anomaly; continue normal operation.,3.64273117,0.0488833139465921,4,63,Planned Maintenance,True
4,64,29.194452,1.6227152954684243e-10,Normal Operation,RUL_HIGH|ANOM_LOW,RUL is above θ_RUL and anomaly is below α_anomaly; continue normal operation.,3.64273117,0.0488833139465921,4,64,Planned Maintenance,True
4,65,28.112535,1.1102230246251563e-16,Normal Operation,RUL_HIGH|ANOM_LOW,RUL is above θ_RUL and anomaly is below α_anomaly; continue normal operation.,3.64273117,0.0488833139465921,4,65,Planned Maintenance,True
4,66,28.658098,1.3116193131601506e-08,Normal Operation,RUL_HIGH|ANOM_LOW,RUL is above θ_RUL and anomaly is below α_anomaly; continue normal operation.,3.64273117,0.0488833139465921,4,66,Planned Maintenance,True
4,67,26.63049,1.1102230246251563e-16,Normal Operation,RUL_HIGH|ANOM_LOW,RUL is above θ_RUL and anomaly is below α_anomaly; continue normal operation.,3.64273117,0.0488833139465921,4,67,Planned Maintenance,True
4,68,25.438854,1.4715729634851016e-08,Normal Operation,RUL_HIGH|ANOM_LOW,RUL is above θ_RUL and anomaly is below α_anomaly; continue normal operation.,3.64273117,0.0488833139465921,4,68,Planned Maintenance,True
4,69,25.680826,4.440892098500626e-16,Normal Operation,RUL_HIGH|ANOM_LOW,RUL is above θ_RUL and anomaly is below α_anomaly; continue normal operation.,3.64273117,0.0488833139465921,4,69,Planned Maintenance,True
4,70,24.656727,4.612181218166533e-06,Normal Operation,RUL_HIGH|ANOM_LOW,RUL is above θ_RUL and anomaly is below α_anomaly; continue normal operation.,3.64273117,0.0488833139465921,4,70,Planned Maintenance,True
4,71,21.9766,1.1060119486927532e-10,Normal Operation,RUL_HIGH|ANOM_LOW,RUL is above θ_RUL and anomaly is below α_anomaly; continue normal operation.,3.64273117,0.0488833139465921,4,71,Planned Maintenance,True
4,72,21.052113,4.490747329555234e-09,Normal Operation,RUL_HIGH|ANOM_LOW,RUL is above θ_RUL and anomaly is below α_anomaly; continue normal operation.,3.64273117,0.0488833139465921,4,72,Planned Maintenance,True
4,73,21.182638,1.0630358593388678e-08,Normal Operation,RUL_HIGH|ANOM_LOW,RUL is above θ_RUL and anomaly is below α_anomaly; continue normal operation.,3.64273117,0.0488833139465921,4,73,Planned Maintenance,True
4,74,19.859015,1.4807536519167996e-07,Normal Operation,RUL_HIGH|ANOM_LOW,RUL is above θ_RUL and anomaly is below α_anomaly; continue normal operation.,3.64273117,0.0488833139465921,4,74,Planned Maintenance,True
4,75,19.547457,0.0002989194303333,Normal Operation,RUL_HIGH|ANOM_LOW,RUL is above θ_RUL and anomaly is below α_anomaly; continue normal operation.,3.64273117,0.0488833139465921,4,75,Planned Maintenance,True
4,76,17.983908,5.027289188275219e-07,Normal Operation,RUL_HIGH|ANOM_LOW,RUL is above θ_RUL and anomaly is below α_anomaly; continue normal operation.,3.64273117,0.0488833139465921,4,76,Planned Maintenance,True
4,77,17.197037,1.887379141862766e-15,Normal Operation,RUL_HIGH|ANOM_LOW,RUL is above θ_RUL and anomaly is below α_anomaly; continue normal operation.,3.64273117,0.0488833139465921,4,77,Planned Maintenance,True
4,78,15.934409,6.888217074507709e-08,Normal Operation,RUL_HIGH|ANOM_LOW,RUL is above θ_RUL and anomaly is below α_anomaly; continue normal operation.,3.64273117,0.0488833139465921,4,78,Planned Maintenance,True
4,79,14.630547,6.660799862556743e-06,Normal Operation,RUL_HIGH|ANOM_LOW,RUL is above θ_RUL and anomaly is below α_anomaly; continue normal operation.,3.64273117,0.0488833139465921,4,79,Planned Maintenance,True
4,80,13.598448,3.138727056040125e-10,Normal Operation,RUL_HIGH|ANOM_LOW,RUL is above θ_RUL and anomaly is below α_anomaly; continue normal operation.,3.64273117,0.0488833139465921,4,80,Planned Maintenance,True
4,81,13.138376,1.1524114995609125e-13,Normal Operation,RUL_HIGH|ANOM_LOW,RUL is above θ_RUL and anomaly is below α_anomaly; continue normal operation.,3.64273117,0.0488833139465921,4,81,Planned Maintenance,True
4,82,12.018668,1.0242611077737608e-05,Normal Operation,RUL_HIGH|ANOM_LOW,RUL is above θ_RUL and anomaly is below α_anomaly; continue normal operation.,3.64273117,0.0488833139465921,4,82,Planned Maintenance,True
4,83,12.13541,2.482059002772985e-11,Normal Operation,RUL_HIGH|ANOM_LOW,RUL is above θ_RUL and anomaly is below α_anomaly; continue normal operation.,3.64273117,0.0488833139465921,4,83,Planned Maintenance,True
4,84,11.157022,1.8265389201133075e-12,Normal Operation,RUL_HIGH|ANOM_LOW,RUL is above θ_RUL and anomaly is below α_anomaly; continue normal operation.,3.64273117,0.0488833139465921,4,84,Planned Maintenance,True
4,85,10.190084,6.339373470609645e-14,Normal Operation,RUL_HIGH|ANOM_LOW,RUL is above θ_RUL and anomaly is below α_anomaly; continue normal operation.,3.64273117,0.0488833139465921,4,85,Planned Maintenance,True
4,86,8.740781,5.6652780022758975e-08,Normal Operation,RUL_HIGH|ANOM_LOW,RUL is above θ_RUL and anomaly is below α_anomaly; continue normal operation.,3.64273117,0.0488833139465921,4,86,Planned Maintenance,True
4,87,7.598996,2.194358500462457e-07,Normal Operation,RUL_HIGH|ANOM_LOW,RUL is above θ_RUL and anomaly is below α_anomaly; continue normal operation.,3.64273117,0.0488833139465921,4,87,Planned Maintenance,True
4,88,7.1164856,7.840394999902855e-13,Normal Operation,RUL_HIGH|ANOM_LOW,RUL is above θ_RUL and anomaly is below α_anomaly; continue normal operation.,3.64273117,0.0488833139465921,4,88,Planned Maintenance,True
4,89,6.952162,1.1757240225840349e-07,Normal Operation,RUL_HIGH|ANOM_LOW,RUL is above θ_RUL and anomaly is below α_anomaly; continue normal operation.,3.64273117,0.0488833139465921,4,89,Planned Maintenance,True
4,90,6.0007772,1.9882417678918074e-07,Normal Operation,RUL_HIGH|ANOM_LOW,RUL is above θ_RUL and anomaly is below α_anomaly; continue normal operation.,3.64273117,0.0488833139465921,4,90,Planned Maintenance,True
4,91,5.623035,4.818098593539766e-06,Normal Operation,RUL_HIGH|ANOM_LOW,RUL is above θ_RUL and anomaly is below α_anomaly; continue normal operation.,3.64273117,0.0488833139465921,4,91,Planned Maintenance,True
4,92,4.7195063,1.3425847628090182e-06,Normal Operation,RUL_HIGH|ANOM_LOW,RUL is above θ_RUL and anomaly is below α_anomaly; continue normal operation.,3.64273117,0.0488833139465921,4,92,Planned Maintenance,True
4,93,4.563936,2.6894102700403266e-07,Normal Operation,RUL_HIGH|ANOM_LOW,RUL is above θ_RUL and anomaly is below α_anomaly; continue normal operation.,3.64273117,0.0488833139465921,4,93,Planned Maintenance,True
4,94,4.1388416,0.0001772340368529,Normal Operation,RUL_HIGH|ANOM_LOW,RUL is above θ_RUL and anomaly is below α_anomaly; continue normal operation.,3.64273117,0.0488833139465921,4,94,Planned Maintenance,True
5,11,78.26952,0.9999999999703444,Enhanced Monitoring,RUL_HIGH|ANOM_HIGH,RUL is above θ_RUL but anomaly is above α_anomaly; increase monitoring and run diagnostics.,3.64273117,0.0488833139465921,5,11,Normal Operation,True
5,14,60.06303,0.4852340969886843,Enhanced Monitoring,RUL_HIGH|ANOM_HIGH,RUL is above θ_RUL but anomaly is above α_anomaly; increase monitoring and run diagnostics.,3.64273117,0.0488833139465921,5,14,Normal Operation,True
5,25,71.369385,0.9234330781800264,Enhanced Monitoring,RUL_HIGH|ANOM_HIGH,RUL is above θ_RUL but anomaly is above α_anomaly; increase monitoring and run diagnostics.,3.64273117,0.0488833139465921,5,25,Normal Operation,True
5,37,29.317972,0.9999999999999752,Enhanced Monitoring,RUL_HIGH|ANOM_HIGH,RUL is above θ_RUL but anomaly is above α_anomaly; increase monitoring and run diagnostics.,3.64273117,0.0488833139465921,5,37,Planned Maintenance,True
5,43,55.67727,0.097585090178382,Enhanced Monitoring,RUL_HIGH|ANOM_HIGH,RUL is above θ_RUL but anomaly is above α_anomaly; increase monitoring and run diagnostics.,3.64273117,0.0488833139465921,5,43,Normal Operation,True
5,57,27.903498,3.474331933261965e-12,Normal Operation,RUL_HIGH|ANOM_LOW,RUL is above θ_RUL and anomaly is below α_anomaly; continue normal operation.,3.64273117,0.0488833139465921,5,57,Planned Maintenance,True
5,59,27.613623,0.0718915010300377,Enhanced Monitoring,RUL_HIGH|ANOM_HIGH,RUL is above θ_RUL but anomaly is above α_anomaly; increase monitoring and run diagnostics.,3.64273117,0.0488833139465921,5,59,Planned Maintenance,True
5,60,25.58562,2.7082203146733264e-10,Normal Operation,RUL_HIGH|ANOM_LOW,RUL is above θ_RUL and anomaly is below α_anomaly; continue normal operation.,3.64273117,0.0488833139465921,5,60,Planned Maintenance,True
5,61,25.87741,9.878960649523094e-09,Normal Operation,RUL_HIGH|ANOM_LOW,RUL is above θ_RUL and anomaly is below α_anomaly; continue normal operation.,3.64273117,0.0488833139465921,5,61,Planned Maintenance,True
5,62,23.795954,5.2313989241103975e-05,Normal Operation,RUL_HIGH|ANOM_LOW,RUL is above θ_RUL and anomaly is below α_anomaly; continue normal operation.,3.64273117,0.0488833139465921,5,62,Planned Maintenance,True
5,63,23.480597,8.265440966104265e-07,Normal Operation,RUL_HIGH|ANOM_LOW,RUL is above θ_RUL and anomaly is below α_anomaly; continue normal operation.,3.64273117,0.0488833139465921,5,63,Planned Maintenance,True
5,64,23.337776,1.0923716931010574e-08,Normal Operation,RUL_HIGH|ANOM_LOW,RUL is above θ_RUL and anomaly is below α_anomaly; continue normal operation.,3.64273117,0.0488833139465921,5,64,Planned Maintenance,True
5,65,22.322563,6.058597876723582e-07,Normal Operation,RUL_HIGH|ANOM_LOW,RUL is above θ_RUL and anomaly is below α_anomaly; continue normal operation.,3.64273117,0.0488833139465921,5,65,Planned Maintenance,True
5,66,20.496752,0.2229278127778425,Enhanced Monitoring,RUL_HIGH|ANOM_HIGH,RUL is above θ_RUL but anomaly is above α_anomaly; increase monitoring and run diagnostics.,3.64273117,0.0488833139465921,5,66,Planned Maintenance,True
5,67,17.564714,1.6220358389773537e-13,Normal Operation,RUL_HIGH|ANOM_LOW,RUL is above θ_RUL and anomaly is below α_anomaly; continue normal operation.,3.64273117,0.0488833139465921,5,67,Planned Maintenance,True
5,68,18.231136,8.139145546426364e-08,Normal Operation,RUL_HIGH|ANOM_LOW,RUL is above θ_RUL and anomaly is below α_anomaly; continue normal operation.,3.64273117,0.0488833139465921,5,68,Planned Maintenance,True
5,69,17.039934,4.2854808590675465e-10,Normal Operation,RUL_HIGH|ANOM_LOW,RUL is above θ_RUL and anomaly is below α_anomaly; continue normal operation.,3.64273117,0.0488833139465921,5,69,Planned Maintenance,True
5,70,16.856764,1.1978094072162544e-09,Normal Operation,RUL_HIGH|ANOM_LOW,RUL is above θ_RUL and anomaly is below α_anomaly; continue normal operation.,3.64273117,0.0488833139465921,5,70,Planned Maintenance,True
5,71,15.510943,2.1840529385031004e-11,Normal Operation,RUL_HIGH|ANOM_LOW,RUL is above θ_RUL and anomaly is below α_anomaly; continue normal operation.,3.64273117,0.0488833139465921,5,71,Planned Maintenance,True
5,72,14.480326,0.0160126362333424,Normal Operation,RUL_HIGH|ANOM_LOW,RUL is above θ_RUL and anomaly is below α_anomaly; continue normal operation.,3.64273117,0.0488833139465921,5,72,Planned Maintenance,True
5,73,15.011009,1.1633445951009237e-07,Normal Operation,RUL_HIGH|ANOM_LOW,RUL is above θ_RUL and anomaly is below α_anomaly; continue normal operation.,3.64273117,0.0488833139465921,5,73,Planned Maintenance,True
5,74,13.072225,5.019342719236872e-10,Normal Operation,RUL_HIGH|ANOM_LOW,RUL is above θ_RUL and anomaly is below α_anomaly; continue normal operation.,3.64273117,0.0488833139465921,5,74,Planned Maintenance,True
5,75,11.681261,1.786752994448193e-07,Normal Operation,RUL_HIGH|ANOM_LOW,RUL is above θ_RUL and anomaly is below α_anomaly; continue normal operation.,3.64273117,0.0488833139465921,5,75,Planned Maintenance,True
5,76,12.660797,0.0036466184033738,Normal Operation,RUL_HIGH|ANOM_LOW,RUL is above θ_RUL and anomaly is below α_anomaly; continue normal operation.,3.64273117,0.0488833139465921,5,76,Planned Maintenance,True
5,77,10.7185,1.232367101922094e-06,Normal Operation,RUL_HIGH|ANOM_LOW,RUL is above θ_RUL and anomaly is below α_anomaly; continue normal operation.,3.64273117,0.0488833139465921,5,77,Planned Maintenance,True
5,78,10.272087,0.002651641720441,Normal Operation,RUL_HIGH|ANOM_LOW,RUL is above θ_RUL and anomaly is below α_anomaly; continue normal operation.,3.64273117,0.0488833139465921,5,78,Planned Maintenance,True
5,79,8.3543415,7.951985225851389e-08,Normal Operation,RUL_HIGH|ANOM_LOW,RUL is above θ_RUL and anomaly is below α_anomaly; continue normal operation.,3.64273117,0.0488833139465921,5,79,Planned Maintenance,True
5,80,9.091594,1.0,Enhanced Monitoring,RUL_HIGH|ANOM_HIGH,RUL is above θ_RUL but anomaly is above α_anomaly; increase monitoring and run diagnostics.,3.64273117,0.0488833139465921,5,80,Planned Maintenance,True
5,81,7.889499,3.321224368857401e-07,Normal Operation,RUL_HIGH|ANOM_LOW,RUL is above θ_RUL and anomaly is below α_anomaly; continue normal operation.,3.64273117,0.0488833139465921,5,81,Planned Maintenance,True
5,82,6.5819154,2.3387277414688157e-07,Normal Operation,RUL_HIGH|ANOM_LOW,RUL is above θ_RUL and anomaly is below α_anomaly; continue normal operation.,3.64273117,0.0488833139465921,5,82,Planned Maintenance,True
5,83,6.05673,0.000513837376675,Normal Operation,RUL_HIGH|ANOM_LOW,RUL is above θ_RUL and anomaly is below α_anomaly; continue normal operation.,3.64273117,0.0488833139465921,5,83,Planned Maintenance,True
5,84,5.7221975,0.0161425176297744,Normal Operation,RUL_HIGH|ANOM_LOW,RUL is above θ_RUL and anomaly is below α_anomaly; continue normal operation.,3.64273117,0.0488833139465921,5,84,Planned Maintenance,True
5,85,4.3583236,0.8305887353047283,Enhanced Monitoring,RUL_HIGH|ANOM_HIGH,RUL is above θ_RUL but anomaly is above α_anomaly; increase monitoring and run diagnostics.,3.64273117,0.0488833139465921,5,85,Planned Maintenance,True
5,86,4.823708,0.0357147546944771,Normal Operation,RUL_HIGH|ANOM_LOW,RUL is above θ_RUL and anomaly is below α_anomaly; continue normal operation.,3.64273117,0.0488833139465921,5,86,Planned Maintenance,True
5,87,4.2465053,0.0016874859682505,Normal Operation,RUL_HIGH|ANOM_LOW,RUL is above θ_RUL and anomaly is below α_anomaly; continue normal operation.,3.64273117,0.0488833139465921,5,87,Planned Maintenance,True
5,88,4.3192015,0.7638541609912539,Enhanced Monitoring,RUL_HIGH|ANOM_HIGH,RUL is above θ_RUL but anomaly is above α_anomaly; increase monitoring and run diagnostics.,3.64273117,0.0488833139465921,5,88,Planned Maintenance,True
6,4,80.19402,0.7998403231365112,Enhanced Monitoring,RUL_HIGH|ANOM_HIGH,RUL is above θ_RUL but anomaly is above α_anomaly; increase monitoring and run diagnostics.,3.64273117,0.0488833139465921,6,4,Normal Operation,True
6,38,69.00131,0.9581594407042708,Enhanced Monitoring,RUL_HIGH|ANOM_HIGH,RUL is above θ_RUL but anomaly is above α_anomaly; increase monitoring and run diagnostics.,3.64273117,0.0488833139465921,6,38,Normal Operation,True
6,48,52.621918,0.3733932529237356,Enhanced Monitoring,RUL_HIGH|ANOM_HIGH,RUL is above θ_RUL but anomaly is above α_anomaly; increase monitoring and run diagnostics.,3.64273117,0.0488833139465921,6,48,Normal Operation,True
6,60,29.658297,5.286643313007211e-06,Normal Operation,RUL_HIGH|ANOM_LOW,RUL is above θ_RUL and anomaly is below α_anomaly; continue normal operation.,3.64273117,0.0488833139465921,6,60,Planned Maintenance,True
6,61,29.835176,5.998176400012767e-10,Normal Operation,RUL_HIGH|ANOM_LOW,RUL is above θ_RUL and anomaly is below α_anomaly; continue normal operation.,3.64273117,0.0488833139465921,6,61,Planned Maintenance,True
6,62,28.465454,1.0350253987212452e-10,Normal Operation,RUL_HIGH|ANOM_LOW,RUL is above θ_RUL and anomaly is below α_anomaly; continue normal operation.,3.64273117,0.0488833139465921,6,62,Planned Maintenance,True
6,63,28.52534,2.644774110827086e-08,Normal Operation,RUL_HIGH|ANOM_LOW,RUL is above θ_RUL and anomaly is below α_anomaly; continue normal operation.,3.64273117,0.0488833139465921,6,63,Planned Maintenance,True
6,64,26.784412,6.379545813839371e-08,Normal Operation,RUL_HIGH|ANOM_LOW,RUL is above θ_RUL and anomaly is below α_anomaly; continue normal operation.,3.64273117,0.0488833139465921,6,64,Planned Maintenance,True
6,65,26.228218,6.701692389921021e-08,Normal Operation,RUL_HIGH|ANOM_LOW,RUL is above θ_RUL and anomaly is below α_anomaly; continue normal operation.,3.64273117,0.0488833139465921,6,65,Planned Maintenance,True
6,66,26.239773,1.177572343868949e-05,Normal Operation,RUL_HIGH|ANOM_LOW,RUL is above θ_RUL and anomaly is below α_anomaly; continue normal operation.,3.64273117,0.0488833139465921,6,66,Planned Maintenance,True
6,67,23.828323,1.1006737743457506e-08,Normal Operation,RUL_HIGH|ANOM_LOW,RUL is above θ_RUL and anomaly is below α_anomaly; continue normal operation.,3.64273117,0.0488833139465921,6,67,Planned Maintenance,True
6,68,22.24211,2.6721201917823123e-09,Normal Operation,RUL_HIGH|ANOM_LOW,RUL is above θ_RUL and anomaly is below α_anomaly; continue normal operation.,3.64273117,0.0488833139465921,6,68,Planned Maintenance,True
6,69,22.00227,5.1385938999892744e-05,Normal Operation,RUL_HIGH|ANOM_LOW,RUL is above θ_RUL and anomaly is below α_anomaly; continue normal operation.,3.64273117,0.0488833139465921,6,69,Planned Maintenance,True
6,70,21.980232,3.2237068570140076e-10,Normal Operation,RUL_HIGH|ANOM_LOW,RUL is above θ_RUL and anomaly is below α_anomaly; continue normal operation.,3.64273117,0.0488833139465921,6,70,Planned Maintenance,True
6,71,20.384624,0.0006817591642268,Normal Operation,RUL_HIGH|ANOM_LOW,RUL is above θ_RUL and anomaly is below α_anomaly; continue normal operation.,3.64273117,0.0488833139465921,6,71,Planned Maintenance,True
6,72,18.217875,1.2348640042736392e-06,Normal Operation,RUL_HIGH|ANOM_LOW,RUL is above θ_RUL and anomaly is below α_anomaly; continue normal operation.,3.64273117,0.0488833139465921,6,72,Planned Maintenance,True
6,73,18.727493,0.0002263053993922,Normal Operation,RUL_HIGH|ANOM_LOW,RUL is above θ_RUL and anomaly is below α_anomaly; continue normal operation.,3.64273117,0.0488833139465921,6,73,Planned Maintenance,True
6,74,16.630373,1.4875765678379338e-05,Normal Operation,RUL_HIGH|ANOM_LOW,RUL is above θ_RUL and anomaly is below α_anomaly; continue normal operation.,3.64273117,0.0488833139465921,6,74,Planned Maintenance,True
6,75,16.115952,2.3851146946363144e-08,Normal Operation,RUL_HIGH|ANOM_LOW,RUL is above θ_RUL and anomaly is below α_anomaly; continue normal operation.,3.64273117,0.0488833139465921,6,75,Planned Maintenance,True
6,76,15.63892,8.593163625114641e-09,Normal Operation,RUL_HIGH|ANOM_LOW,RUL is above θ_RUL and anomaly is below α_anomaly; continue normal operation.,3.64273117,0.0488833139465921,6,76,Planned Maintenance,True
6,77,14.827024,2.2008323986577594e-06,Normal Operation,RUL_HIGH|ANOM_LOW,RUL is above θ_RUL and anomaly is below α_anomaly; continue normal operation.,3.64273117,0.0488833139465921,6,77,Planned Maintenance,True
6,78,13.24904,2.104759607912676e-05,Normal Operation,RUL_HIGH|ANOM_LOW,RUL is above θ_RUL and anomaly is below α_anomaly; continue normal operation.,3.64273117,0.0488833139465921,6,78,Planned Maintenance,True
6,79,12.600717,1.484445899535558e-11,Normal Operation,RUL_HIGH|ANOM_LOW,RUL is above θ_RUL and anomaly is below α_anomaly; continue normal operation.,3.64273117,0.0488833139465921,6,79,Planned Maintenance,True
6,80,12.5687475,0.0057158963453802,Normal Operation,RUL_HIGH|ANOM_LOW,RUL is above θ_RUL and anomaly is below α_anomaly; continue normal operation.,3.64273117,0.0488833139465921,6,80,Planned Maintenance,True
6,81,11.177939,2.925182318591624e-11,Normal Operation,RUL_HIGH|ANOM_LOW,RUL is above θ_RUL and anomaly is below α_anomaly; continue normal operation.,3.64273117,0.0488833139465921,6,81,Planned Maintenance,True
6,82,11.9529705,0.0108619192755827,Normal Operation,RUL_HIGH|ANOM_LOW,RUL is above θ_RUL and anomaly is below α_anomaly; continue normal operation.,3.64273117,0.0488833139465921,6,82,Planned Maintenance,True
6,83,9.3528385,1.1149207645999581e-07,Normal Operation,RUL_HIGH|ANOM_LOW,RUL is above θ_RUL and anomaly is below α_anomaly; continue normal operation.,3.64273117,0.0488833139465921,6,83,Planned Maintenance,True
6,84,8.824495,2.644551244657123e-13,Normal Operation,RUL_HIGH|ANOM_LOW,RUL is above θ_RUL and anomaly is below α_anomaly; continue normal operation.,3.64273117,0.0488833139465921,6,84,Planned Maintenance,True
6,85,8.168491,0.0003673825822072,Normal Operation,RUL_HIGH|ANOM_LOW,RUL is above θ_RUL and anomaly is below α_anomaly; continue normal operation.,3.64273117,0.0488833139465921,6,85,Planned Maintenance,True
6,86,7.727505,0.0001807969628085,Normal Operation,RUL_HIGH|ANOM_LOW,RUL is above θ_RUL and anomaly is below α_anomaly; continue normal operation.,3.64273117,0.0488833139465921,6,86,Planned Maintenance,True
6,87,6.802146,1.7850994460388847e-08,Normal Operation,RUL_HIGH|ANOM_LOW,RUL is above θ_RUL and anomaly is below α_anomaly; continue normal operation.,3.64273117,0.0488833139465921,6,87,Planned Maintenance,True
6,88,6.468248,0.0002835477317966,Normal Operation,RUL_HIGH|ANOM_LOW,RUL is above θ_RUL and anomaly is below α_anomaly; continue normal operation.,3.64273117,0.0488833139465921,6,88,Planned Maintenance,True
6,89,5.3652744,0.0482977265144483,Normal Operation,RUL_HIGH|ANOM_LOW,RUL is above θ_RUL and anomaly is below α_anomaly; continue normal operation.,3.64273117,0.0488833139465921,6,89,Planned Maintenance,True
6,90,5.402332,0.0017885783665074,Normal Operation,RUL_HIGH|ANOM_LOW,RUL is above θ_RUL and anomaly is below α_anomaly; continue normal operation.,3.64273117,0.0488833139465921,6,90,Planned Maintenance,True
6,91,5.0274444,0.0001416428621973,Normal Operation,RUL_HIGH|ANOM_LOW,RUL is above θ_RUL and anomaly is below α_anomaly; continue normal operation.,3.64273117,0.0488833139465921,6,91,Planned Maintenance,True
6,92,5.012297,0.0403436037724762,Normal Operation,RUL_HIGH|ANOM_LOW,RUL is above θ_RUL and anomaly is below α_anomaly; continue normal operation.,3.64273117,0.0488833139465921,6,92,Planned Maintenance,True
6,93,3.867128,0.0001248250981099,Normal Operation,RUL_HIGH|ANOM_LOW,RUL is above θ_RUL and anomaly is below α_anomaly; continue normal operation.,3.64273117,0.0488833139465921,6,93,Planned Maintenance,True
6,94,3.6660535,0.0014041383845344,Normal Operation,RUL_HIGH|ANOM_LOW,RUL is above θ_RUL and anomaly is below α_anomaly; continue normal operation.,3.64273117,0.0488833139465921,6,94,Planned Maintenance,True
7,63,29.61481,1.5876189252139742e-14,Normal Operation,RUL_HIGH|ANOM_LOW,RUL is above θ_RUL and anomaly is below α_anomaly; continue normal operation.,3.64273117,0.0488833139465921,7,63,Planned Maintenance,True
7,65,28.772444,1.5654144647214707e-14,Normal Operation,RUL_HIGH|ANOM_LOW,RUL is above θ_RUL and anomaly is below α_anomaly; continue normal operation.,3.64273117,0.0488833139465921,7,65,Planned Maintenance,True
7,66,25.801899,1.2873050625472617e-08,Normal Operation,RUL_HIGH|ANOM_LOW,RUL is above θ_RUL and anomaly is below α_anomaly; continue normal operation.,3.64273117,0.0488833139465921,7,66,Planned Maintenance,True
7,67,25.26044,2.220446049250313e-16,Normal Operation,RUL_HIGH|ANOM_LOW,RUL is above θ_RUL and anomaly is below α_anomaly; continue normal operation.,3.64273117,0.0488833139465921,7,67,Planned Maintenance,True
7,68,23.896616,5.551115123125785e-16,Normal Operation,RUL_HIGH|ANOM_LOW,RUL is above θ_RUL and anomaly is below α_anomaly; continue normal operation.,3.64273117,0.0488833139465921,7,68,Planned Maintenance,True
7,69,23.142797,6.661338147750939e-16,Normal Operation,RUL_HIGH|ANOM_LOW,RUL is above θ_RUL and anomaly is below α_anomaly; continue normal operation.,3.64273117,0.0488833139465921,7,69,Planned Maintenance,True
7,70,24.960722,2.068018423173612e-09,Normal Operation,RUL_HIGH|ANOM_LOW,RUL is above θ_RUL and anomaly is below α_anomaly; continue normal operation.,3.64273117,0.0488833139465921,7,70,Planned Maintenance,True
7,71,23.944876,3.3605340732378863e-11,Normal Operation,RUL_HIGH|ANOM_LOW,RUL is above θ_RUL and anomaly is below α_anomaly; continue normal operation.,3.64273117,0.0488833139465921,7,71,Planned Maintenance,True
7,72,19.053974,4.4741987892393815e-14,Normal Operation,RUL_HIGH|ANOM_LOW,RUL is above θ_RUL and anomaly is below α_anomaly; continue normal operation.,3.64273117,0.0488833139465921,7,72,Planned Maintenance,True
7,73,20.888893,9.9267238873324e-10,Normal Operation,RUL_HIGH|ANOM_LOW,RUL is above θ_RUL and anomaly is below α_anomaly; continue normal operation.,3.64273117,0.0488833139465921,7,73,Planned Maintenance,True
7,74,17.483694,3.9719684430394864e-08,Normal Operation,RUL_HIGH|ANOM_LOW,RUL is above θ_RUL and anomaly is below α_anomaly; continue normal operation.,3.64273117,0.0488833139465921,7,74,Planned Maintenance,True
7,75,16.55036,2.4069635173873394e-13,Normal Operation,RUL_HIGH|ANOM_LOW,RUL is above θ_RUL and anomaly is below α_anomaly; continue normal operation.,3.64273117,0.0488833139465921,7,75,Planned Maintenance,True
7,76,14.352818,4.712233936388086e-10,Normal Operation,RUL_HIGH|ANOM_LOW,RUL is above θ_RUL and anomaly is below α_anomaly; continue normal operation.,3.64273117,0.0488833139465921,7,76,Planned Maintenance,True
7,77,14.188897,4.2260263636628714e-05,Normal Operation,RUL_HIGH|ANOM_LOW,RUL is above θ_RUL and anomaly is below α_anomaly; continue normal operation.,3.64273117,0.0488833139465921,7,77,Planned Maintenance,True
7,78,12.715669,8.187194147524224e-06,Normal Operation,RUL_HIGH|ANOM_LOW,RUL is above θ_RUL and anomaly is below α_anomaly; continue normal operation.,3.64273117,0.0488833139465921,7,78,Planned Maintenance,True
7,79,12.01507,3.4793727232695915e-08,Normal Operation,RUL_HIGH|ANOM_LOW,RUL is above θ_RUL and anomaly is below α_anomaly; continue normal operation.,3.64273117,0.0488833139465921,7,79,Planned Maintenance,True
7,80,10.562652,8.25894908018654e-13,Normal Operation,RUL_HIGH|ANOM_LOW,RUL is above θ_RUL and anomaly is below α_anomaly; continue normal operation.,3.64273117,0.0488833139465921,7,80,Planned Maintenance,True
7,81,10.364341,2.213079830504227e-09,Normal Operation,RUL_HIGH|ANOM_LOW,RUL is above θ_RUL and anomaly is below α_anomaly; continue normal operation.,3.64273117,0.0488833139465921,7,81,Planned Maintenance,True
7,82,9.768455,2.3064772314285165e-11,Normal Operation,RUL_HIGH|ANOM_LOW,RUL is above θ_RUL and anomaly is below α_anomaly; continue normal operation.,3.64273117,0.0488833139465921,7,82,Planned Maintenance,True
7,83,9.362165,9.791273569703662e-09,Normal Operation,RUL_HIGH|ANOM_LOW,RUL is above θ_RUL and anomaly is below α_anomaly; continue normal operation.,3.64273117,0.0488833139465921,7,83,Planned Maintenance,True
7,84,7.112424,1.975524530184458e-06,Normal Operation,RUL_HIGH|ANOM_LOW,RUL is above θ_RUL and anomaly is below α_anomaly; continue normal operation.,3.64273117,0.0488833139465921,7,84,Planned Maintenance,True
7,85,6.489532,8.358099646832429e-07,Normal Operation,RUL_HIGH|ANOM_LOW,RUL is above θ_RUL and anomaly is below α_anomaly; continue normal operation.,3.64273117,0.0488833139465921,7,85,Planned Maintenance,True
7,86,5.738484,3.9200271749750826e-05,Normal Operation,RUL_HIGH|ANOM_LOW,RUL is above θ_RUL and anomaly is below α_anomaly; continue normal operation.,3.64273117,0.0488833139465921,7,86,Planned Maintenance,True
7,87,5.2770624,2.848255895582241e-07,Normal Operation,RUL_HIGH|ANOM_LOW,RUL is above θ_RUL and anomaly is below α_anomaly; continue normal operation.,3.64273117,0.0488833139465921,7,87,Planned Maintenance,True
7,88,4.8632135,4.3344138266343535e-06,Normal Operation,RUL_HIGH|ANOM_LOW,RUL is above θ_RUL and anomaly is below α_anomaly; continue normal operation.,3.64273117,0.0488833139465921,7,88,Planned Maintenance,True
7,89,3.7429984,3.333375543368433e-07,Normal Operation,RUL_HIGH|ANOM_LOW,RUL is above θ_RUL and anomaly is below α_anomaly; continue normal operation.,3.64273117,0.0488833139465921,7,89,Planned Maintenance,True
7,90,3.824175,0.0393441238731614,Normal Operation,RUL_HIGH|ANOM_LOW,RUL is above θ_RUL and anomaly is below α_anomaly; continue normal operation.,3.64273117,0.0488833139465921,7,90,Planned Maintenance,True
8,4,86.05671,0.0592832184394158,Enhanced Monitoring,RUL_HIGH|ANOM_HIGH,RUL is above θ_RUL but anomaly is above α_anomaly; increase monitoring and run diagnostics.,3.64273117,0.0488833139465921,8,4,Normal Operation,True
8,20,74.867905,1.0,Enhanced Monitoring,RUL_HIGH|ANOM_HIGH,RUL is above θ_RUL but anomaly is above α_anomaly; increase monitoring and run diagnostics.,3.64273117,0.0488833139465921,8,20,Normal Operation,True
8,39,52.20882,0.8440313844868346,Enhanced Monitoring,RUL_HIGH|ANOM_HIGH,RUL is above θ_RUL but anomaly is above α_anomaly; increase monitoring and run diagnostics.,3.64273117,0.0488833139465921,8,39,Normal Operation,True
8,55,36.564304,0.8286152508600436,Enhanced Monitoring,RUL_HIGH|ANOM_HIGH,RUL is above θ_RUL but anomaly is above α_anomaly; increase monitoring and run diagnostics.,3.64273117,0.0488833139465921,8,55,Normal Operation,True
8,58,28.818254,2.1442156283857372e-05,Normal Operation,RUL_HIGH|ANOM_LOW,RUL is above θ_RUL and anomaly is below α_anomaly; continue normal operation.,3.64273117,0.0488833139465921,8,58,Planned Maintenance,True
8,59,26.463865,0.0,Normal Operation,RUL_HIGH|ANOM_LOW,RUL is above θ_RUL and anomaly is below α_anomaly; continue normal operation.,3.64273117,0.0488833139465921,8,59,Planned Maintenance,True
8,60,29.603975,0.9999999992769384,Enhanced Monitoring,RUL_HIGH|ANOM_HIGH,RUL is above θ_RUL but anomaly is above α_anomaly; increase monitoring and run diagnostics.,3.64273117,0.0488833139465921,8,60,Planned Maintenance,True
8,61,27.073364,1.6020494697288612e-05,Normal Operation,RUL_HIGH|ANOM_LOW,RUL is above θ_RUL and anomaly is below α_anomaly; continue normal operation.,3.64273117,0.0488833139465921,8,61,Planned Maintenance,True
8,62,23.098055,9.895563368722549e-09,Normal Operation,RUL_HIGH|ANOM_LOW,RUL is above θ_RUL and anomaly is below α_anomaly; continue normal operation.,3.64273117,0.0488833139465921,8,62,Planned Maintenance,True
8,63,23.647263,3.341816379176521e-09,Normal Operation,RUL_HIGH|ANOM_LOW,RUL is above θ_RUL and anomaly is below α_anomaly; continue normal operation.,3.64273117,0.0488833139465921,8,63,Planned Maintenance,True
8,64,22.715334,1.898601700300873e-07,Normal Operation,RUL_HIGH|ANOM_LOW,RUL is above θ_RUL and anomaly is below α_anomaly; continue normal operation.,3.64273117,0.0488833139465921,8,64,Planned Maintenance,True
8,65,22.895628,6.889750784333515e-07,Normal Operation,RUL_HIGH|ANOM_LOW,RUL is above θ_RUL and anomaly is below α_anomaly; continue normal operation.,3.64273117,0.0488833139465921,8,65,Planned Maintenance,True
8,66,22.10914,1.847684147426865e-05,Normal Operation,RUL_HIGH|ANOM_LOW,RUL is above θ_RUL and anomaly is below α_anomaly; continue normal operation.,3.64273117,0.0488833139465921,8,66,Planned Maintenance,True
8,67,19.973158,3.65645290156813e-07,Normal Operation,RUL_HIGH|ANOM_LOW,RUL is above θ_RUL and anomaly is below α_anomaly; continue normal operation.,3.64273117,0.0488833139465921,8,67,Planned Maintenance,True
8,68,21.987923,9.179206539677852e-05,Normal Operation,RUL_HIGH|ANOM_LOW,RUL is above θ_RUL and anomaly is below α_anomaly; continue normal operation.,3.64273117,0.0488833139465921,8,68,Planned Maintenance,True
8,69,15.231674,0.8538725150568407,Enhanced Monitoring,RUL_HIGH|ANOM_HIGH,RUL is above θ_RUL but anomaly is above α_anomaly; increase monitoring and run diagnostics.,3.64273117,0.0488833139465921,8,69,Planned Maintenance,True
8,70,16.437683,1.212695571961575e-06,Normal Operation,RUL_HIGH|ANOM_LOW,RUL is above θ_RUL and anomaly is below α_anomaly; continue normal operation.,3.64273117,0.0488833139465921,8,70,Planned Maintenance,True
8,71,16.520742,9.325873406851317e-15,Normal Operation,RUL_HIGH|ANOM_LOW,RUL is above θ_RUL and anomaly is below α_anomaly; continue normal operation.,3.64273117,0.0488833139465921,8,71,Planned Maintenance,True
8,72,14.6352,3.846474872626349e-05,Normal Operation,RUL_HIGH|ANOM_LOW,RUL is above θ_RUL and anomaly is below α_anomaly; continue normal operation.,3.64273117,0.0488833139465921,8,72,Planned Maintenance,True
8,73,13.113939,0.0146304986322388,Normal Operation,RUL_HIGH|ANOM_LOW,RUL is above θ_RUL and anomaly is below α_anomaly; continue normal operation.,3.64273117,0.0488833139465921,8,73,Planned Maintenance,True
8,74,12.445331,1.5492257661176012e-06,Normal Operation,RUL_HIGH|ANOM_LOW,RUL is above θ_RUL and anomaly is below α_anomaly; continue normal operation.,3.64273117,0.0488833139465921,8,74,Planned Maintenance,True
8,75,12.438662,2.124313912998943e-06,Normal Operation,RUL_HIGH|ANOM_LOW,RUL is above θ_RUL and anomaly is below α_anomaly; continue normal operation.,3.64273117,0.0488833139465921,8,75,Planned Maintenance,True
8,76,11.784726,3.242138340719958e-05,Normal Operation,RUL_HIGH|ANOM_LOW,RUL is above θ_RUL and anomaly is below α_anomaly; continue normal operation.,3.64273117,0.0488833139465921,8,76,Planned Maintenance,True
8,77,9.765443,0.0067608171252114,Normal Operation,RUL_HIGH|ANOM_LOW,RUL is above θ_RUL and anomaly is below α_anomaly; continue normal operation.,3.64273117,0.0488833139465921,8,77,Planned Maintenance,True
8,78,9.304248,1.8018878922276826e-07,Normal Operation,RUL_HIGH|ANOM_LOW,RUL is above θ_RUL and anomaly is below α_anomaly; continue normal operation.,3.64273117,0.0488833139465921,8,78,Planned Maintenance,True
8,79,8.331756,8.194889572488151e-07,Normal Operation,RUL_HIGH|ANOM_LOW,RUL is above θ_RUL and anomaly is below α_anomaly; continue normal operation.,3.64273117,0.0488833139465921,8,79,Planned Maintenance,True
8,80,8.214625,1.0876478546695267e-06,Normal Operation,RUL_HIGH|ANOM_LOW,RUL is above θ_RUL and anomaly is below α_anomaly; continue normal operation.,3.64273117,0.0488833139465921,8,80,Planned Maintenance,True
8,81,7.2053876,2.573480163414743e-07,Normal Operation,RUL_HIGH|ANOM_LOW,RUL is above θ_RUL and anomaly is below α_anomaly; continue normal operation.,3.64273117,0.0488833139465921,8,81,Planned Maintenance,True
8,82,7.067864,6.186457523815747e-06,Normal Operation,RUL_HIGH|ANOM_LOW,RUL is above θ_RUL and anomaly is below α_anomaly; continue normal operation.,3.64273117,0.0488833139465921,8,82,Planned Maintenance,True
8,83,6.074592,8.224520697874826e-05,Normal Operation,RUL_HIGH|ANOM_LOW,RUL is above θ_RUL and anomaly is below α_anomaly; continue normal operation.,3.64273117,0.0488833139465921,8,83,Planned Maintenance,True
8,84,5.676067,0.0002893155151937,Normal Operation,RUL_HIGH|ANOM_LOW,RUL is above θ_RUL and anomaly is below α_anomaly; continue normal operation.,3.64273117,0.0488833139465921,8,84,Planned Maintenance,True
8,85,6.1116915,1.913823493238098e-06,Normal Operation,RUL_HIGH|ANOM_LOW,RUL is above θ_RUL and anomaly is below α_anomaly; continue normal operation.,3.64273117,0.0488833139465921,8,85,Planned Maintenance,True
8,86,4.9393187,2.061893110694158e-06,Normal Operation,RUL_HIGH|ANOM_LOW,RUL is above θ_RUL and anomaly is below α_anomaly; continue normal operation.,3.64273117,0.0488833139465921,8,86,Planned Maintenance,True
8,87,4.1740346,1.8317106065257605e-07,Normal Operation,RUL_HIGH|ANOM_LOW,RUL is above θ_RUL and anomaly is below α_anomaly; continue normal operation.,3.64273117,0.0488833139465921,8,87,Planned Maintenance,True
8,88,4.0457034,0.0399533458702957,Normal Operation,RUL_HIGH|ANOM_LOW,RUL is above θ_RUL and anomaly is below α_anomaly; continue normal operation.,3.64273117,0.0488833139465921,8,88,Planned Maintenance,True
8,89,3.9766738,4.935867379707304e-06,Normal Operation,RUL_HIGH|ANOM_LOW,RUL is above θ_RUL and anomaly is below α_anomaly; continue normal operation.,3.64273117,0.0488833139465921,8,89,Planned Maintenance,True
9,59,26.578556,0.0,Normal Operation,RUL_HIGH|ANOM_LOW,RUL is above θ_RUL and anomaly is below α_anomaly; continue normal operation.,3.64273117,0.0488833139465921,9,59,Planned Maintenance,True
9,60,25.908775,2.220446049250313e-16,Normal Operation,RUL_HIGH|ANOM_LOW,RUL is above θ_RUL and anomaly is below α_anomaly; continue normal operation.,3.64273117,0.0488833139465921,9,60,Planned Maintenance,True
9,61,24.281322,6.217248937900877e-15,Normal Operation,RUL_HIGH|ANOM_LOW,RUL is above θ_RUL and anomaly is below α_anomaly; continue normal operation.,3.64273117,0.0488833139465921,9,61,Planned Maintenance,True
9,62,23.881992,2.2959755985318964e-08,Normal Operation,RUL_HIGH|ANOM_LOW,RUL is above θ_RUL and anomaly is below α_anomaly; continue normal operation.,3.64273117,0.0488833139465921,9,62,Planned Maintenance,True
9,63,21.458143,1.1441869673944892e-10,Normal Operation,RUL_HIGH|ANOM_LOW,RUL is above θ_RUL and anomaly is below α_anomaly; continue normal operation.,3.64273117,0.0488833139465921,9,63,Planned Maintenance,True
9,64,20.998823,1.6573680505782565e-07,Normal Operation,RUL_HIGH|ANOM_LOW,RUL is above θ_RUL and anomaly is below α_anomaly; continue normal operation.,3.64273117,0.0488833139465921,9,64,Planned Maintenance,True
9,65,18.505196,9.667520450840072e-09,Normal Operation,RUL_HIGH|ANOM_LOW,RUL is above θ_RUL and anomaly is below α_anomaly; continue normal operation.,3.64273117,0.0488833139465921,9,65,Planned Maintenance,True
9,66,16.538103,1.2067096766266161e-08,Normal Operation,RUL_HIGH|ANOM_LOW,RUL is above θ_RUL and anomaly is below α_anomaly; continue normal operation.,3.64273117,0.0488833139465921,9,66,Planned Maintenance,True
9,67,16.730967,9.992007221626409e-16,Normal Operation,RUL_HIGH|ANOM_LOW,RUL is above θ_RUL and anomaly is below α_anomaly; continue normal operation.,3.64273117,0.0488833139465921,9,67,Planned Maintenance,True
9,68,14.839382,6.017408793468348e-14,Normal Operation,RUL_HIGH|ANOM_LOW,RUL is above θ_RUL and anomaly is below α_anomaly; continue normal operation.,3.64273117,0.0488833139465921,9,68,Planned Maintenance,True
9,69,15.306894,0.0001470397763764,Normal Operation,RUL_HIGH|ANOM_LOW,RUL is above θ_RUL and anomaly is below α_anomaly; continue normal operation.,3.64273117,0.0488833139465921,9,69,Planned Maintenance,True
9,70,13.758342,3.7114300521778887e-10,Normal Operation,RUL_HIGH|ANOM_LOW,RUL is above θ_RUL and anomaly is below α_anomaly; continue normal operation.,3.64273117,0.0488833139465921,9,70,Planned Maintenance,True
9,71,11.575551,3.7321381318733415e-08,Normal Operation,RUL_HIGH|ANOM_LOW,RUL is above θ_RUL and anomaly is below α_anomaly; continue normal operation.,3.64273117,0.0488833139465921,9,71,Planned Maintenance,True
9,72,10.286171,9.803443845601836e-08,Normal Operation,RUL_HIGH|ANOM_LOW,RUL is above θ_RUL and anomaly is below α_anomaly; continue normal operation.,3.64273117,0.0488833139465921,9,72,Planned Maintenance,True
9,73,10.232059,1.8130386081338656e-11,Normal Operation,RUL_HIGH|ANOM_LOW,RUL is above θ_RUL and anomaly is below α_anomaly; continue normal operation.,3.64273117,0.0488833139465921,9,73,Planned Maintenance,True
9,74,8.682897,1.1881606809538425e-12,Normal Operation,RUL_HIGH|ANOM_LOW,RUL is above θ_RUL and anomaly is below α_anomaly; continue normal operation.,3.64273117,0.0488833139465921,9,74,Planned Maintenance,True
9,75,7.933983,5.377143175167021e-12,Normal Operation,RUL_HIGH|ANOM_LOW,RUL is above θ_RUL and anomaly is below α_anomaly; continue normal operation.,3.64273117,0.0488833139465921,9,75,Planned Maintenance,True
9,76,6.52614,9.591518357332518e-09,Normal Operation,RUL_HIGH|ANOM_LOW,RUL is above θ_RUL and anomaly is below α_anomaly; continue normal operation.,3.64273117,0.0488833139465921,9,76,Planned Maintenance,True
9,77,7.0411496,1.3933387945641584e-06,Normal Operation,RUL_HIGH|ANOM_LOW,RUL is above θ_RUL and anomaly is below α_anomaly; continue normal operation.,3.64273117,0.0488833139465921,9,77,Planned Maintenance,True
9,78,4.5501337,2.3831296935838964e-09,Normal Operation,RUL_HIGH|ANOM_LOW,RUL is above θ_RUL and anomaly is below α_anomaly; continue normal operation.,3.64273117,0.0488833139465921,9,78,Planned Maintenance,True
9,79,4.2761397,4.509190039236888e-05,Normal Operation,RUL_HIGH|ANOM_LOW,RUL is above θ_RUL and anomaly is below α_anomaly; continue normal operation.,3.64273117,0.0488833139465921,9,79,Planned Maintenance,True
10,5,70.19231,0.3460757281699043,Enhanced Monitoring,RUL_HIGH|ANOM_HIGH,RUL is above θ_RUL but anomaly is above α_anomaly; increase monitoring and run diagnostics.,3.64273117,0.0488833139465921,10,5,Normal Operation,True
10,9,59.309002,0.911096756674724,Enhanced Monitoring,RUL_HIGH|ANOM_HIGH,RUL is above θ_RUL but anomaly is above α_anomaly; increase monitoring and run diagnostics.,3.64273117,0.0488833139465921,10,9,Normal Operation,True
10,13,72.19668,0.9487108625607824,Enhanced Monitoring,RUL_HIGH|ANOM_HIGH,RUL is above θ_RUL but anomaly is above α_anomaly; increase monitoring and run diagnostics.,3.64273117,0.0488833139465921,10,13,Normal Operation,True
10,26,61.48786,0.3042788519044993,Enhanced Monitoring,RUL_HIGH|ANOM_HIGH,RUL is above θ_RUL but anomaly is above α_anomaly; increase monitoring and run diagnostics.,3.64273117,0.0488833139465921,10,26,Normal Operation,True
10,28,52.24822,0.8418354546898967,Enhanced Monitoring,RUL_HIGH|ANOM_HIGH,RUL is above θ_RUL but anomaly is above α_anomaly; increase monitoring and run diagnostics.,3.64273117,0.0488833139465921,10,28,Normal Operation,True
10,46,41.482742,0.324415978617984,Enhanced Monitoring,RUL_HIGH|ANOM_HIGH,RUL is above θ_RUL but anomaly is above α_anomaly; increase monitoring and run diagnostics.,3.64273117,0.0488833139465921,10,46,Normal Operation,True
10,49,28.65853,0.0093031394487976,Normal Operation,RUL_HIGH|ANOM_LOW,RUL is above θ_RUL and anomaly is below α_anomaly; continue normal operation.,3.64273117,0.0488833139465921,10,49,Planned Maintenance,True
10,50,28.149118,3.246627718211936e-05,Normal Operation,RUL_HIGH|ANOM_LOW,RUL is above θ_RUL and anomaly is below α_anomaly; continue normal operation.,3.64273117,0.0488833139465921,10,50,Planned Maintenance,True
10,51,27.969309,4.786197795214608e-05,Normal Operation,RUL_HIGH|ANOM_LOW,RUL is above θ_RUL and anomaly is below α_anomaly; continue normal operation.,3.64273117,0.0488833139465921,10,51,Planned Maintenance,True
10,52,29.76628,8.976375198699316e-11,Normal Operation,RUL_HIGH|ANOM_LOW,RUL is above θ_RUL and anomaly is below α_anomaly; continue normal operation.,3.64273117,0.0488833139465921,10,52,Planned Maintenance,True
10,53,28.726656,3.7932549690200545e-07,Normal Operation,RUL_HIGH|ANOM_LOW,RUL is above θ_RUL and anomaly is below α_anomaly; continue normal operation.,3.64273117,0.0488833139465921,10,53,Planned Maintenance,True
10,54,28.7013,0.0084796439409465,Normal Operation,RUL_HIGH|ANOM_LOW,RUL is above θ_RUL and anomaly is below α_anomaly; continue normal operation.,3.64273117,0.0488833139465921,10,54,Planned Maintenance,True
10,55,26.504599,1.3399524283475015e-06,Normal Operation,RUL_HIGH|ANOM_LOW,RUL is above θ_RUL and anomaly is below α_anomaly; continue normal operation.,3.64273117,0.0488833139465921,10,55,Planned Maintenance,True
10,56,24.47023,3.970383688489676e-09,Normal Operation,RUL_HIGH|ANOM_LOW,RUL is above θ_RUL and anomaly is below α_anomaly; continue normal operation.,3.64273117,0.0488833139465921,10,56,Planned Maintenance,True
10,57,25.79462,1.0446031040167725e-08,Normal Operation,RUL_HIGH|ANOM_LOW,RUL is above θ_RUL and anomaly is below α_anomaly; continue normal operation.,3.64273117,0.0488833139465921,10,57,Planned Maintenance,True
10,58,31.408382,0.6149170706441406,Enhanced Monitoring,RUL_HIGH|ANOM_HIGH,RUL is above θ_RUL but anomaly is above α_anomaly; increase monitoring and run diagnostics.,3.64273117,0.0488833139465921,10,58,Normal Operation,True
10,59,22.426626,0.0407071686510627,Normal Operation,RUL_HIGH|ANOM_LOW,RUL is above θ_RUL and anomaly is below α_anomaly; continue normal operation.,3.64273117,0.0488833139465921,10,59,Planned Maintenance,True
10,60,21.220934,5.299263724944936e-06,Normal Operation,RUL_HIGH|ANOM_LOW,RUL is above θ_RUL and anomaly is below α_anomaly; continue normal operation.,3.64273117,0.0488833139465921,10,60,Planned Maintenance,True
10,61,20.467216,5.57955237567853e-10,Normal Operation,RUL_HIGH|ANOM_LOW,RUL is above θ_RUL and anomaly is below α_anomaly; continue normal operation.,3.64273117,0.0488833139465921,10,61,Planned Maintenance,True
10,62,19.208258,1.1507652871611818e-05,Normal Operation,RUL_HIGH|ANOM_LOW,RUL is above θ_RUL and anomaly is below α_anomaly; continue normal operation.,3.64273117,0.0488833139465921,10,62,Planned Maintenance,True
10,63,18.046867,7.473871521668227e-10,Normal Operation,RUL_HIGH|ANOM_LOW,RUL is above θ_RUL and anomaly is below α_anomaly; continue normal operation.,3.64273117,0.0488833139465921,10,63,Planned Maintenance,True
10,64,16.822317,1.9318177058025303e-09,Normal Operation,RUL_HIGH|ANOM_LOW,RUL is above θ_RUL and anomaly is below α_anomaly; continue normal operation.,3.64273117,0.0488833139465921,10,64,Planned Maintenance,True
10,65,14.25993,4.933187192079913e-11,Normal Operation,RUL_HIGH|ANOM_LOW,RUL is above θ_RUL and anomaly is below α_anomaly; continue normal operation.,3.64273117,0.0488833139465921,10,65,Planned Maintenance,True
10,66,17.178452,0.0001107797231424,Normal Operation,RUL_HIGH|ANOM_LOW,RUL is above θ_RUL and anomaly is below α_anomaly; continue normal operation.,3.64273117,0.0488833139465921,10,66,Planned Maintenance,True
10,67,13.35488,2.0091042390535385e-05,Normal Operation,RUL_HIGH|ANOM_LOW,RUL is above θ_RUL and anomaly is below α_anomaly; continue normal operation.,3.64273117,0.0488833139465921,10,67,Planned Maintenance,True
10,68,11.630008,0.0694762251231572,Enhanced Monitoring,RUL_HIGH|ANOM_HIGH,RUL is above θ_RUL but anomaly is above α_anomaly; increase monitoring and run diagnostics.,3.64273117,0.0488833139465921,10,68,Planned Maintenance,True
10,69,12.243461,2.390322495493535e-09,Normal Operation,RUL_HIGH|ANOM_LOW,RUL is above θ_RUL and anomaly is below α_anomaly; continue normal operation.,3.64273117,0.0488833139465921,10,69,Planned Maintenance,True
10,70,12.883983,0.011325760689737,Normal Operation,RUL_HIGH|ANOM_LOW,RUL is above θ_RUL and anomaly is below α_anomaly; continue normal operation.,3.64273117,0.0488833139465921,10,70,Planned Maintenance,True
10,71,11.887236,9.0687706966186e-07,Normal Operation,RUL_HIGH|ANOM_LOW,RUL is above θ_RUL and anomaly is below α_anomaly; continue normal operation.,3.64273117,0.0488833139465921,10,71,Planned Maintenance,True
10,72,9.367588,4.581794317171095e-06,Normal Operation,RUL_HIGH|ANOM_LOW,RUL is above θ_RUL and anomaly is below α_anomaly; continue normal operation.,3.64273117,0.0488833139465921,10,72,Planned Maintenance,True
10,73,9.817397,0.0010547289578987,Normal Operation,RUL_HIGH|ANOM_LOW,RUL is above θ_RUL and anomaly is below α_anomaly; continue normal operation.,3.64273117,0.0488833139465921,10,73,Planned Maintenance,True
10,74,9.332523,0.0148611682913043,Normal Operation,RUL_HIGH|ANOM_LOW,RUL is above θ_RUL and anomaly is below α_anomaly; continue normal operation.,3.64273117,0.0488833139465921,10,74,Planned Maintenance,True
10,75,8.850754,3.4551211899325196e-06,Normal Operation,RUL_HIGH|ANOM_LOW,RUL is above θ_RUL and anomaly is below α_anomaly; continue normal operation.,3.64273117,0.0488833139465921,10,75,Planned Maintenance,True
10,76,6.5553346,3.824883797465262e-07,Normal Operation,RUL_HIGH|ANOM_LOW,RUL is above θ_RUL and anomaly is below α_anomaly; continue normal operation.,3.64273117,0.0488833139465921,10,76,Planned Maintenance,True
10,77,6.4218764,0.0074151547791073,Normal Operation,RUL_HIGH|ANOM_LOW,RUL is above θ_RUL and anomaly is below α_anomaly; continue normal operation.,3.64273117,0.0488833139465921,10,77,Planned Maintenance,True
10,78,5.810781,0.0843795896550729,Enhanced Monitoring,RUL_HIGH|ANOM_HIGH,RUL is above θ_RUL but anomaly is above α_anomaly; increase monitoring and run diagnostics.,3.64273117,0.0488833139465921,10,78,Planned Maintenance,True
10,79,4.9512024,0.0005496381012739,Normal Operation,RUL_HIGH|ANOM_LOW,RUL is above θ_RUL and anomaly is below α_anomaly; continue normal operation.,3.64273117,0.0488833139465921,10,79,Planned Maintenance,True
10,80,4.5271726,0.0102488977288068,Normal Operation,RUL_HIGH|ANOM_LOW,RUL is above θ_RUL and anomaly is below α_anomaly; continue normal operation.,3.64273117,0.0488833139465921,10,80,Planned Maintenance,True
10,81,5.2608852,0.2370524873486763,Enhanced Monitoring,RUL_HIGH|ANOM_HIGH,RUL is above θ_RUL but anomaly is above α_anomaly; increase monitoring and run diagnostics.,3.64273117,0.0488833139465921,10,81,Planned Maintenance,True
10,82,3.8915055,0.0220610901728243,Normal Operation,RUL_HIGH|ANOM_LOW,RUL is above θ_RUL and anomaly is below α_anomaly; continue normal operation.,3.64273117,0.0488833139465921,10,82,Planned Maintenance,True
